Date,signal,market_return,strategy_return,cum_market,cum_strategy
2024-06-18,0,0.0025213273947457537,0.0025213273947457537,1.0025213273947458,1.0025213273947458
2024-06-20,0,-0.0025259318472709014,-0.0,0.9999890268463111,1.0025213273947458
2024-06-21,0,-0.001562130321101196,-0.0,0.998426913666706,1.0025213273947458
2024-06-24,0,-0.003065171894990004,-0.0,0.9953665635517331,1.0025213273947458
2024-06-25,1,0.003933590015736899,0.0,0.9992819275281186,1.0025213273947458
2024-06-26,1,0.0015724312002203256,0.0015724312002203256,1.0008532296087802,1.0040977232088275
2024-06-27,0,0.0009073212238914774,0.0009073212238914774,1.0017613249860047,1.005008762383956
2024-06-28,1,-0.004083652583445674,-0.0,0.9976704797632296,1.005008762383956
2024-07-01,1,0.0026755639309195,0.0026755639309195,1.0003398109138273,1.0076977275788486
2024-07-02,1,0.006195317856513505,0.006195317856513505,1.0065372340069632,1.0139407353044858
2024-07-03,1,0.005084444409779065,0.005084444409779065,1.0116549166196442,1.019096060607952
2024-07-05,1,0.005448765178485582,0.005448765178485582,1.0171671867019652,1.0246488757365244
2024-07-08,1,0.0010166989647510949,0.0010166989647510949,1.018201339527664,1.025690635187719
2024-07-09,1,0.0007410719362856977,0.0007410719362856977,1.0189558999658763,1.0264507457327678
2024-07-10,0,0.010208065293514812,0.010208065293514812,1.0293574683239402,1.0369288219657848
2024-07-11,1,-0.008763028841120457,-0.0,1.0203371791411948,1.0369288219657848
2024-07-12,1,0.0055170270744306915,0.0055170270744306915,1.025966406983565,1.0426495863508276
2024-07-15,1,0.0028262026252154904,0.0028262026252154904,1.0288659959363649,1.0455963253489522
2024-07-16,0,0.006389375498743188,0.006389375498743188,1.0354398071222908,1.0522770328917126
2024-07-17,0,-0.013927543241993745,-0.0,1.0210186744341134,1.0522770328917126
2024-07-18,0,-0.007816403936922511,-0.0,1.0130379800475953,1.0522770328917126
2024-07-19,1,-0.007140265531926926,-0.0,1.0058046198761286,1.0522770328917126
2024-07-22,0,0.01079203564940956,0.01079203564940956,1.0166592991901726,1.0636332441437348
2024-07-23,0,-0.001558102589770738,-0.0,1.01507523970319,1.0636332441437348
2024-07-24,0,-0.02314909375473495,-0.0,0.9915771678111908,1.0636332441437348
2024-07-25,1,-0.005142620237842288,-0.0,0.9864778630006226,1.0636332441437348
2024-07-26,1,0.011090468702846357,0.011090468702846357,0.9974183648662818,1.0754294353492178
2024-07-29,0,0.0008133101292933098,0.0008133101292933098,0.9982295753255707,1.0763040930023275
2024-07-30,1,-0.004960171878030217,-0.0,0.9932781850582227,1.0763040930023275
2024-07-31,0,0.0157933986591674,0.0157933986591674,1.0089654234143015,1.093302592621607
2024-08-01,0,-0.013693502993456064,-0.0,0.9951491523684841,1.093302592621607
2024-08-02,0,-0.018381860868696753,-0.0,0.9768564591060451,1.093302592621607
2024-08-05,1,-0.02996879838863975,-0.0,0.9475812448284555,1.093302592621607
2024-08-06,0,0.010354085880061037,0.010354085880061037,0.9573925824157445,1.1046227415585044
2024-08-07,1,-0.007734647858502863,-0.0,0.949987487928416,1.1046227415585044
2024-08-08,1,0.023042611519136447,0.023042611519136447,0.9718776805607908,1.1300761342674404
2024-08-09,1,0.004671676849538509,0.004671676849538509,0.9764179790216498,1.1353554847821135
2024-08-12,1,4.303397765514916e-05,4.303397765514916e-05,0.9764599981711412,1.1354043436446761
2024-08-13,1,0.016847579753558328,0.016847579753558328,0.9929109858664888,1.1545331588767664
2024-08-14,1,0.0038237284285767004,0.0038237284285767004,0.9967076078301926,1.158947780138098
2024-08-15,1,0.016133247764330783,0.016133247764330783,1.0127877386159105,1.1776453718209872
2024-08-16,1,0.001989779357261412,0.001989779357261412,1.0148029627514958,1.179988626272011
2024-08-19,0,0.009722284736913167,0.009722284736913167,1.024669166107229,1.1914608116829464
2024-08-20,1,-0.0019845553982971165,-0.0,1.0226356533821621,1.1914608116829464
2024-08-21,0,0.004239676828782013,0.004239676828782013,1.0269712980660928,1.1965122204786405
2024-08-22,1,-0.008932805548120926,-0.0,1.0177975631569671,1.1965122204786405
2024-08-23,0,0.01148337085011919,0.01148337085011919,1.0294853100250463,1.2102522140330962
2024-08-26,1,-0.0031537266931381813,-0.0,1.0262385947226267,1.2102522140330962
2024-08-27,0,0.0015951960865450143,0.0015951960865450143,1.0278756465127896,1.2121828036286544
2024-08-28,0,-0.00597597320797616,-0.0,1.021733089188098,1.2121828036286544
2024-08-29,1,-3.937906806072977e-05,-0.0,1.021692854291239,1.2121828036286544
2024-08-30,0,0.010093051774424433,0.010093051774424433,1.03200485316716,1.2244174274257453
2024-09-03,0,-0.02115107439771169,-0.0,1.0101768417390218,1.2244174274257453
2024-09-04,0,-0.0016025435809103872,-0.0,1.0085579893257086,1.2244174274257453
2024-09-05,1,-0.003018017615584734,-0.0,1.005514143547585,1.2244174274257453
2024-09-06,1,-0.01726024985928465,-0.01726024985928465,0.988158718192909,1.2032836766963144
2024-09-09,1,0.0115800702824842,0.0115800702824842,0.9996016655998324,1.2172177862422238
2024-09-10,1,0.004472672652839682,0.004472672652839682,1.0040725566332938,1.2226620029472994
2024-09-11,1,0.010665025888896507,0.010665025888896507,1.0147810164441184,1.2357017248621025
2024-09-12,1,0.007495302358939249,0.007495302358939249,1.0223871069904789,1.2449636829154067
2024-09-13,1,0.005407711405364557,0.005407711405364557,1.027915881409649,1.251696087222773
2024-09-16,1,0.0012566297656613212,0.0012566297656613212,1.0292075911028242,1.253269005783539
2024-09-17,0,0.00026455008109871336,0.00026455008109871336,1.0294798680545179,1.2536005582006575
2024-09-18,1,-0.002896455862498093,-0.0,1.0264980250553677,1.2536005582006575
2024-09-19,0,0.01697685316676334,0.01697685316676334,1.0439247313027051,1.2748827508070026
2024-09-20,1,-0.0019410273951238066,-0.0,1.0418984448007993,1.2748827508070026
2024-09-23,1,0.0028092730585327352,0.0028092730585327352,1.0448254220315054,1.2784642445716328
2024-09-24,0,0.0025111788443470395,0.0025111788443470395,1.0474491655273468,1.2816746969358552
2024-09-25,1,-0.0018612489301417234,-0.0,1.0454996018886311,1.2816746969358552
2024-09-26,0,0.00403867571712313,0.00403867571712313,1.0497220357430406,1.2868509654116211
2024-09-27,0,-0.0012532169669905446,-0.0,1.0484065062772236,1.2868509654116211
2024-09-30,0,0.004236552581176722,0.0,1.052848135567515,1.2868509654116211
2024-10-01,1,-0.009324107094664358,-0.0,1.0430312667970658,1.2868509654116211
2024-10-02,0,0.00013839090212397487,0.00013839090212397487,1.0431756128350214,1.2870290538776235
2024-10-03,1,-0.001681413492255035,-0.0,1.0414216032848091,1.2870290538776235
2024-10-04,0,0.008970249395274354,0.008970249395274354,1.0507634147919003,1.2985740254698697
2024-10-07,1,-0.009586022165882668,-0.0,1.0406907734066067,1.2985740254698697
2024-10-08,1,0.009689347495581924,0.009689347495581924,1.050774387945589,1.3111563604513838
2024-10-09,0,0.007113411987488272,0.007113411987488272,1.0582489790729468,1.3204831558232901
2024-10-10,1,-0.002070122839989974,-0.0,1.0560582736909718,1.3204831558232901
2024-10-11,1,0.006051847587953629,0.006051847587953629,1.062449377407347,1.3284745186247926
2024-10-14,0,0.0077076668832223305,0.0077076668832223305,1.0706383832886897,1.3387139576772016
2024-10-15,1,-0.007609466332438197,-0.0,1.0624913965568383,1.3387139576772016
2024-10-16,0,0.004679145956573816,0.004679145956573816,1.0674629488789318,1.3449779956792758
2024-10-17,1,-0.00017116047891174713,-0.0,1.0672802414093812,1.3449779956792758
2024-10-18,0,0.00397155273894878,0.00397155273894878,1.0715190011753766,1.3503196467218417
2024-10-21,0,-0.0018227694906369774,-0.0,1.0695658690313963,1.3503196467218417
2024-10-22,0,-0.0004748538883844189,-0.0,1.0690579815196035,1.3503196467218417
2024-10-23,1,-0.009191323428069387,-0.0,1.0592319238480978,1.3503196467218417
2024-10-24,0,0.002145772011323821,0.002145772011323821,1.0615047940637918,1.353217124826118
2024-10-25,1,-0.00029944716993013376,-0.0,1.0611869294573422,1.353217124826118
2024-10-28,1,0.0026514435020339455,0.0026514435020339455,1.0640006066458951,1.3568051035785793
2024-10-29,0,0.001614127248163344,0.001614127248163344,1.0657180390171446,1.3589951596667125
2024-10-30,0,-0.003300233889343751,-0.0,1.0622009202282952,1.3589951596667125
2024-10-31,1,-0.018614700871699585,-0.0,1.0424283678326014,1.3589951596667125
2024-11-01,0,0.004092509543626166,0.004092509543626166,1.0466945158765029,1.3645568603273903
2024-11-04,1,-0.002812083478299976,-0.0,1.0437511235215793,1.3645568603273903
2024-11-05,1,0.012265644545291332,0.012265644545291332,1.0565534037964435,1.3812940297380047
2024-11-06,1,0.025295927786425976,0.025295927786425976,1.0832799024013808,1.4162351437660787
2024-11-07,1,0.007431229727488331,0.007431229727488331,1.0913300042152967,1.426759512467547
2024-11-08,1,0.0037568333092317108,0.0037568333092317108,1.0954299491264967,1.4321196101282483
2024-11-11,0,0.0009690634297987444,0.0009690634297987444,1.0964914902301015,1.4335074248695212
2024-11-12,1,-0.00289265965137242,-0.0,1.0933197135382398,1.4335074248695212
2024-11-13,0,0.00023222772482434095,0.00023222772482434095,1.0935736126878204,1.4338403250373175
2024-11-14,0,-0.006049734794859041,-0.0,1.0869577823524033,1.4338403250373175
2024-11-15,1,-0.013203489851361216,-0.0,1.072606146304255,1.4338403250373175
2024-11-18,1,0.003917814394541086,0.003917814394541086,1.0768084181039193,1.4394578453022222
2024-11-19,1,0.003963584828470035,0.003963584828470035,1.0810764396130847,1.4451632585790843
2024-11-20,1,2.195086225209586e-05,2.195086225209586e-05,1.0811001701730947,1.4451949811587053
2024-11-21,1,0.0053404615405816536,0.0053404615405816536,1.0868737440534204,1.452912989374225
2024-11-22,1,0.003467959094991535,0.003467959094991535,1.090642977739218,1.4579516321899566
2024-11-25,1,0.003020480305938378,0.003020480305938378,1.0939372433742893,1.4623553463819972
2024-11-26,0,0.005722005647630368,0.005722005647630368,1.1001967584590302,1.4707229519328373
2024-11-27,1,-0.003801238017440034,-0.0,1.0960146487141114,1.4707229519328373
2024-11-29,1,0.005607785488815242,0.005607785488815242,1.1021608637566993,1.4789704507607537
2024-12-02,1,0.0024484564662998753,0.0024484564662998753,1.104859456650467,1.4825916455243853
2024-12-03,1,0.0004514491145146682,0.0004514491145146682,1.105358244473835,1.483260960209944
2024-12-04,0,0.006051417924264779,0.006051417924264779,1.112047229167178,1.4922367921709208
2024-12-05,1,-0.0018697756269248078,-0.0,1.1099679503620918,1.4922367921709208
2024-12-06,0,0.0024954538421815275,0.0024954538421815275,1.1127378241485213,1.4959606002073884
2024-12-09,0,-0.006144213927296471,-0.0,1.1059009249119585,1.4959606002073884
2024-12-10,1,-0.002963883313944371,-0.0,1.1026231636137362,1.4959606002073884
2024-12-11,0,0.008165786048233592,0.008165786048233592,1.1116269484596324,1.508176294405269
2024-12-12,0,-0.005414022527810203,-0.0,1.105608575118151,1.508176294405269
2024-12-13,0,-2.6466639124200775e-05,-0.0,1.1055793133749807,1.508176294405269
2024-12-16,0,0.0037993543260221863,0.0,1.1097798009220126,1.508176294405269
2024-12-17,0,-0.003863994965801476,-0.0,1.1054916173581018,1.508176294405269
2024-12-18,0,-0.02949284635160343,-0.0,1.0728875229443737,1.508176294405269
2024-12-19,1,-0.0008651123249070469,-0.0,1.0719593547250355,1.508176294405269
2024-12-20,1,0.010869123768910471,0.010869123768910471,1.0836106136267833,1.5245688492144966
2024-12-23,1,0.007287273468533639,0.007287273468533639,1.0915071805016872,1.5356787993403302
2024-12-24,0,0.01104275925539211,0.01104275925539211,1.103560431521499,1.5526369306150551
2024-12-26,0,-0.00040565878647391695,-0.0,1.1031127625360475,1.5526369306150551
2024-12-27,0,-0.011055736101235558,-0.0,1.090917038943544,1.5526369306150551
2024-12-30,0,-0.010701995701766776,-0.0,1.079242049481786,1.5526369306150551
2024-12-31,0,-0.004284800394927402,-0.0,1.0746177127219443,1.5526369306150551
2025-01-02,1,-0.0022238866412221947,-0.0,1.0722278847462012,1.5526369306150551
2025-01-03,1,0.01259602672149196,0.01259602672149196,1.0857336958339932,1.5721939868818577
2025-01-06,0,0.005538045085450305,0.005538045085450305,1.0917465379923144,1.5809008680642833
2025-01-07,1,-0.01110391288210788,-0.0,1.0796238795451047,1.5809008680642833
2025-01-08,0,0.001560360190925314,0.001560360190925314,1.0813084816679193,1.5833676428446102
2025-01-10,1,-0.01541164380306681,-0.0,1.0646437405072182,1.5833676428446102
2025-01-13,1,0.0015754440882007614,0.0015754440882007614,1.0663210271942403,1.585862150036978
2025-01-14,1,0.0011462798112440442,0.0011462798112440442,1.067543329460018,1.5876799918029816
2025-01-15,0,0.018312792279639112,0.018312792279639112,1.0870930287019338,1.6167548456994087
2025-01-16,1,-0.0021126894641922966,-0.0,1.0847963387135984,1.6167548456994087
2025-01-17,1,0.009991058969353706,0.009991058969353706,1.095634602903425,1.63290793870178
2025-01-21,1,0.008768227105582893,0.008768227105582893,1.1052413759264172,1.6472256463508264
2025-01-22,1,0.006137941522227575,0.006137941522227575,1.1120252828597998,1.6573362210420413
2025-01-23,0,0.00531348622041139,0.00531348622041139,1.1179340138770244,1.6661424542151368
2025-01-24,0,-0.002855132319398823,-0.0,1.1147421643430488,1.6661424542151368
2025-01-27,1,-0.014580715690809543,-0.0,1.098488425776205,1.6661424542151368
2025-01-28,0,0.009217869449967608,0.009217869449967608,1.1086141486773107,1.6815007378431406
2025-01-29,1,-0.004678895760321544,-0.0,1.103427058637232,1.6815007378431406
2025-01-30,0,0.005275414405311762,0.005275414405311762,1.1092480936375775,1.6903713510581007
2025-01-31,0,-0.005046825754019935,-0.0,1.10364991179101,1.6903713510581007
2025-02-03,1,-0.007608597684666707,-0.0,1.0952526836274743,1.6903713510581007
2025-02-04,1,0.007224881828679752,0.007224881828679752,1.103165754839227,1.702584084316081
2025-02-05,0,0.003908672930614365,0.003908672930614365,1.107477668963148,1.7092389286385423
2025-02-06,0,0.003644298722618622,0.0,1.111513648417479,1.7092389286385423
2025-02-07,1,-0.009464770111542897,-0.0,1.1009934272593653,1.7092389286385423
2025-02-10,1,0.006712541085862833,0.006712541085862833,1.1083838908751087,1.7207122651725848
2025-02-11,0,0.00033958278885926063,0.00033958278885926063,1.1087602789678987,1.7212965894424164
2025-02-12,1,-0.0027238667143857365,-0.0,1.105740163749785,1.7212965894424164
2025-02-13,0,0.010426292122230674,0.010426292122230674,1.1172689337083235,1.7392433305129424
2025-02-14,1,-7.194380749464546e-05,-0.0,1.117188553127237,1.7392433305129424
2025-02-18,0,0.0024449877750611915,0.0024449877750611915,1.1199200654820713,1.7434957591939033
2025-02-19,0,0.0023769693899173827,0.0,1.1225820811968765,1.7434957591939033
2025-02-20,0,-0.0043341850761716705,-0.0,1.1177166026937753,1.7434957591939033
2025-02-21,0,-0.01706412670256352,-0.0,1.09864374496785,1.7434957591939033
2025-02-24,0,-0.00496910650440241,-0.0,1.0931844671887092,1.7434957591939033
2025-02-25,1,-0.004679730915472358,-0.0,1.088068658041292,1.7434957591939033
2025-02-26,0,0.00013602428004699796,0.00013602428004699796,1.0882166617971436,1.7437329169493128
2025-02-27,1,-0.015864553655509872,-0.0,1.070952590177243,1.7437329169493128
2025-02-28,0,0.01585414463498891,0.01585414463498891,1.087931627439129,1.7713783108194183
2025-03-03,0,-0.0175967394669998,-0.0,1.0687875780331737,1.7713783108194183
2025-03-04,1,-0.012234826602200433,-0.0,1.055711147341352,1.7713783108194183
2025-03-05,0,0.011159277893187936,0.011159277893187936,1.0674921214094706,1.791145613643818
2025-03-06,1,-0.017819007085749905,-0.0,1.0484704717340931,1.791145613643818
2025-03-07,0,0.00552061780274804,0.00552061780274804,1.054258676486004,1.801033844005814
2025-03-10,0,-0.0269730913054258,-0.0,1.0258220609456097,1.801033844005814
2025-03-11,1,-0.007567865323653167,-0.0,1.0180587777423409,1.801033844005814
2025-03-12,0,0.004886869929446425,0.004886869929446425,1.023033898569699,1.8098352621400013
2025-03-13,1,-0.013890984206835322,-0.0,1.00882295084161,1.8098352621400013
2025-03-14,1,0.021265869083087807,0.021265869083087807,1.030276447642222,1.8483229818866265
2025-03-17,0,0.006416130719105961,0.006416130719105961,1.0368868360071106,1.8601820637495388
2025-03-18,1,-0.010653512117636543,-0.0,1.025840349535091,1.8601820637495388
2025-03-19,0,0.010798495567894584,0.010798495567894584,1.036917882002913,1.8802692315204153
2025-03-20,1,-0.0021848931523151816,-0.0,1.0346523272230117,1.8802692315204153
2025-03-21,1,0.0008246534476661349,0.0008246534476661349,1.035505556831792,1.8818198020247292
2025-03-24,1,0.017646000146633645,0.017646000146633645,1.0537780880394856,1.9150263945271957
2025-03-25,0,0.0015743334544251475,0.0015743334544251475,1.0554370861370264,1.918041284646207
2025-03-26,0,-0.011156934922627149,-0.0,1.0436616432520682,1.918041284646207
2025-03-27,0,-0.003306980860763864,-0.0,1.0402102741727204,1.918041284646207
2025-03-28,1,-0.01973722070834405,-0.0,1.0196794144082864,1.918041284646207
2025-03-31,1,0.005538521570653376,0.005538521570653376,1.0253269308401378,1.9286643976746236
2025-04-01,1,0.0037812354559083605,0.0037812354559083605,1.0292039333849283,1.935957131877659
2025-04-02,0,0.006728194715792668,0.006728194715792668,1.0361286178510019,1.9489826284223593
2025-04-03,0,-0.04839563335990149,-0.0,0.9859845171477832,1.9489826284223593
2025-04-04,0,-0.05974960534553109,-0.0,0.9270723313713991,1.9489826284223593
2025-04-07,0,-0.0023314724921273955,-0.0,0.9249108877325942,1.9489826284223593
2025-04-08,1,-0.015700524562941354,-0.0,0.9103893016212168,1.9489826284223593
2025-04-09,0,0.09515387644904849,0.09515387644904849,0.9970163727482176,2.1344358806486023
2025-04-10,1,-0.03460757958472693,-0.0,0.9625120492810579,2.1344358806486023
2025-04-11,1,0.018092095201708958,0.018092095201708958,0.9799259089094429,2.1730522978032405
2025-04-14,0,0.007944712390868913,0.007944712390868913,0.9877111384200892,2.190316573319604
2025-04-15,0,-0.0017277808903947145,-0.0,0.9860045899898969,2.190316573319604
2025-04-16,1,-0.0224083715440897,-0.0,0.9639098327932255,2.190316573319604
2025-04-17,0,0.0013268380955802073,0.0013268380955802073,0.9651887850800799,2.193222768790465
2025-04-21,1,-0.023567493023827546,-0.0,0.9424417051210285,2.193222768790465
2025-04-22,1,0.025117204723895226,0.025117204723895226,0.9661132063688903,2.2483103940792835
2025-04-23,1,0.01666113847096007,0.01666113847096007,0.9822097522788256,2.2857698048807373
2025-04-24,1,0.020259113708281262,0.020259113708281262,1.002108451335625,2.332077475268772
2025-04-25,1,0.007373133469998461,0.007373133469998461,1.0094971306987361,2.3492721937563057
2025-04-28,1,0.0006407067039131409,0.0006407067039131409,1.0101439222779558,2.350777388200162
2025-04-29,1,0.005802410694099036,0.005802410694099036,1.0160051921751605,2.3644175640569007
2025-04-30,1,0.00147999135976562,0.00147999135976562,1.0175088710810567,2.367916881622583
2025-05-01,1,0.006299102138585644,0.006299102138585644,1.0239182633869133,2.382832631915605
2025-05-02,0,0.01472657412963474,0.01472657412963474,1.0389970715953676,2.4179235933080228
2025-05-05,0,-0.006381597588933863,-0.0,1.0323666103883653,2.4179235933080228
2025-05-06,1,-0.007693239651855532,-0.0,1.024424366646074,2.4179235933080228
2025-05-07,1,0.00434635623313584,0.00434635623313584,1.0288768798774224,2.4284327505890433
2025-05-08,0,0.005799775094835535,0.005799775094835535,1.0348441343809875,2.4425171143753928
2025-05-09,1,-0.0007114809122162891,-0.0,1.0341078625322564,2.4425171143753928
2025-05-12,1,0.032558782749008364,0.032558782749008364,1.0677771557674856,2.522042498463076
2025-05-13,1,0.0072482009835321826,0.0072482009835321826,1.0755166191981127,2.5403227693809463
2025-05-14,1,0.001024415597859818,0.001024415597859818,1.0766183951985766,2.5429251156494987
2025-05-15,1,0.004132332074135769,0.004132332074135769,1.0810673399246602,2.5534333266670224
2025-05-16,1,0.007005272294898557,0.007005272294898557,1.0886405110099542,2.5713208224071935
2025-05-19,0,0.0008761131291423752,0.0008761131291423752,1.0895942832545662,2.5735735903389414
2025-05-20,0,-0.0038802294486252054,-0.0,1.085366407429628,2.5735735903389414
2025-05-21,0,-0.01613513066101424,-0.0,1.0678538786306755,2.5735735903389414
2025-05-22,0,-0.00044487103794299543,-0.0,1.0673788213673177,2.5735735903389414
2025-05-23,1,-0.006708297825321674,-0.0,1.0602185263411448,2.5735735903389414
2025-05-27,0,0.0204590558452733,0.0204590558452733,1.0819095963797516,2.6262264761456064
2025-05-28,1,-0.005571225417268844,-0.0,1.0758820341372137,2.6262264761456064
2025-05-29,0,0.004011194261904327,0.004011194261904327,1.0801976059790308,2.636760780717183
2025-05-30,1,-8.118516130162234e-05,-0.0,1.0801099099621518,2.636760780717183
2025-06-02,1,0.0041020419271569075,0.0041020419271569075,1.0845405660987542,2.647576883991568
2025-06-03,1,0.005800290454605506,0.005800290454605506,1.0908312163919291,2.6629335989196186
2025-06-04,0,7.36874595066439e-05,7.36874595066439e-05,1.0909115969730157,2.663129823731358
2025-06-05,1,-0.005277383403094138,-0.0,1.0851544382169074,2.663129823731358
2025-06-06,1,0.010280683010067904,0.010280683010067904,1.0963105670131836,2.6905086172637978
2025-06-09,1,0.0009199480792858594,0.0009199480792858594,1.0973191158136082,2.6929837454985517
2025-06-10,0,0.00548298940767844,0.00548298940767844,1.1033357049024572,2.7077493468501705
2025-06-11,1,-0.002743888954607865,-0.0,1.1003082742485508,2.7077493468501705
2025-06-12,0,0.0038224199557175265,0.0038224199557175265,1.1045141145534796,2.7180995019886516
2025-06-13,1,-0.011296379879250695,-0.0,1.0920371035334893,2.7180995019886516
2025-06-16,0,0.009392659896159117,0.009392659896159117,1.102294236640966,2.7436296861747507
2025-06-17,0,-0.008352184790166306,-0.0,1.0930876714834055,2.7436296861747507
2025-06-18,0,-0.0003092402101070313,-0.0,1.0927496448222105,2.7436296861747507
2025-06-20,1,-0.002178658486505891,-0.0,1.0903689165348922,2.7436296861747507
2025-06-23,1,0.009606504133156335,0.009606504133156335,1.1008435500382499,2.7699863760948387
2025-06-24,0,0.01112172017970181,0.01112172017970181,1.1130868239634049,2.8007933894713517
2025-06-25,1,-3.2861029504172024e-06,-0.0,1.1130831662455085,2.8007933894713517
2025-06-26,1,0.008020121275230219,0.008020121275230219,1.1220102282282147,2.823256092121775
2025-06-27,1,0.005218970885222163,0.005218970885222163,1.1278659669422593,2.8379905834680845
2025-06-30,0,0.005164427424532603,0.005164427424532603,1.133690748873133,2.8526471798679123
2025-07-01,1,-0.001118531087121899,-0.0,1.1324226805273359,2.8526471798679123
2025-07-02,1,0.004745096791088033,0.004745096791088033,1.1377961357548614,2.86618326684721
2025-07-03,0,0.008338955206607324,0.008338955206607324,1.147284166765172,2.890084240723376
2025-07-07,0,-0.007862297279128794,-0.0,1.1382638775824268,2.890084240723376
2025-07-08,1,-0.0007158868810946961,-0.0,1.1374490094052414,2.890084240723376
2025-07-09,1,0.0060621034026635545,0.0060621034026635545,1.1443443429155131,2.9076042302330496
2025-07-10,0,0.0027462050044453346,0.0027462050044453346,1.1474869470768365,2.915589107521062
2025-07-11,1,-0.0032975229626984737,-0.0,1.1437030825194539,2.915589107521062
2025-07-14,0,0.001407413809457303,0.001407413809457303,1.1453127460317105,2.9196925478936904
2025-07-15,1,-0.003956298214731202,-0.0,1.1407815472592764,2.9196925478936904
2025-07-16,1,0.003193657417327689,0.003193657417327689,1.1444248127092316,2.9290170456555873
2025-07-17,0,0.00537376740890938,0.00537376740890938,1.1505746854697156,2.9447569019956714
2025-07-18,1,-9.048620868445933e-05,-0.0,1.1504705743286192,2.9447569019956714
2025-07-21,1,0.001399134882868358,0.001399134882868358,1.1520802378408759,2.9488770140988207
2025-07-22,1,0.0006375316336257875,0.0006375316336257875,1.1528147254369745,2.9507570164789807
2025-07-23,1,0.007811886951519131,0.007811886951519131,1.1618203837481347,2.9738079967131164
2025-07-24,1,0.0006982236416543941,0.0006982236416543941,1.1626315942074237,2.9758843797621624
2025-07-25,1,0.00397432777929585,0.00397432777929585,1.1672522732493693,2.987711519720624
2025-07-28,0,0.00017685810881817865,0.00017685810881817865,1.1674587112789299,2.988239920729696
2025-07-29,0,-0.002959442388724254,-0.0,1.1640036844816857,2.988239920729696
2025-07-30,0,-0.0012494327466496813,-0.0,1.1625493401610734,2.988239920729696
2025-07-31,0,-0.0036948193411530106,-0.0,1.1582539303740016,2.988239920729696
2025-08-01,1,-0.015992133140148468,-0.0,1.1397309793093604,2.988239920729696
2025-08-04,0,0.01473710033091602,0.01473710033091602,1.1565273091016957,3.0322779122543384
2025-08-05,1,-0.004857865996303334,-0.0,1.1509090544130143,3.0322779122543384
2025-08-06,0,0.007281907295092482,0.007281907295092482,1.1592898674523324,3.054358678904331
2025-08-07,1,-0.0007974800154801898,-0.0,1.1583653569508905,3.054358678904331
2025-08-08,0,0.007799715348974834,0.007799715348974834,1.167400277005221,3.078181807173456
2025-08-11,1,-0.0025041278217863283,-0.0,1.1644769574924112,3.078181807173456
2025-08-12,1,0.01134543584661274,0.01134543584661274,1.1776884561085001,3.113105121390953
2025-08-13,1,0.0032300788824048965,0.0032300788824048965,1.1814924827206283,3.1231606965022642
2025-08-14,0,0.00030309080129242716,0.00030309080129242716,1.1818505822239371,3.124107297780332
2025-08-15,0,-0.0028971350972291088,-0.0,1.1784266014224956,3.124107297780332
2025-08-18,0,-0.00010076318078544588,-0.0,1.178307859409814,3.124107297780332
2025-08-19,0,-0.005858103118756786,-0.0,1.1714052104637498,3.124107297780332
2025-08-20,0,-0.0024316693228262354,-0.0,1.1685567403488664,3.124107297780332
2025-08-21,1,-0.004004181529308926,-0.0,1.163877627033212,3.124107297780332
2025-08-22,0,0.015186444876893468,0.015186444876893468,1.1815527904596015,3.1715513810475735
2025-08-25,1,-0.004266385548063467,-0.0,1.1765118307101106,3.1715513810475735
2025-08-26,1,0.004133995191134998,0.004133995191134998,1.1813755249605795,3.1846625592052615
2025-08-27,1,0.0023909843081744153,0.0023909843081744153,1.1842001753028215,3.1922770374111518
2025-08-28,0,0.0031567194195349924,0.0031567194195349924,1.1879383629928166,3.2023541603276833
2025-08-29,0,-0.00639818429357164,-0.0,1.1803377144169849,3.2023541603276833
2025-09-02,1,-0.006922279936861564,-0.0,1.1721670863377551,3.2023541603276833
2025-09-03,1,0.0051000736279842585,0.0051000736279842585,1.1781452247823774,3.218686402328236
2025-09-04,0,0.008346486409699372,0.008346486409699372,1.1879785978896757,3.2455511246423527
2025-09-05,1,-0.003165152978388819,-0.0,1.184218463892303,3.2455511246423527
2025-09-08,1,0.0021059789159529885,0.0021059789159529885,1.1867124030091425,3.252386186881497
2025-09-09,1,0.0026881536531127015,0.0026881536531127015,1.1899024682904857,3.261129100691096
2025-09-10,1,0.002983469943562689,0.002983469943562689,1.1934525065404014,3.2708585813450854
2025-09-11,0,0.008485890387959882,0.008485890387959882,1.2035800136941393,3.298614728740898
2025-09-12,1,-0.00048276131466740146,-0.0,1.202998971824421,3.298614728740898
2025-09-15,0,0.004706619226962694,0.004706619226962694,1.208661029915226,3.3141400522455324
2025-09-16,0,-0.0012879303382402618,-0.0,1.2071043587061496,3.3141400522455324
2025-09-17,1,-0.0009701681605103207,-0.0,1.2059332644909198,3.3141400522455324
2025-09-18,1,0.004789119185128365,0.004789119185128365,1.2117086226238778,3.330011863951944
2025-09-19,1,0.004885418870829605,0.004885418870829605,1.2176283267947914,3.346280366752181
2025-09-22,0,0.004410046474333074,0.004410046474333074,1.2229981243044208,3.3610376186857067
2025-09-23,0,-0.005502159197012135,-0.0,1.2162689939268507,3.3610376186857067
2025-09-24,0,-0.002846617843333288,-0.0,1.2128067409064456,3.3610376186857067
2025-09-25,1,-0.0050090613431266195,-0.0,1.2067317175438876,3.3610376186857067
2025-09-26,1,0.005901836747171263,0.005901836747171263,1.2138536511384652,3.380873914012291
2025-09-29,1,0.00263554421636214,0.00263554421636214,1.2170528161082332,3.3897843567026156
2025-09-30,1,0.0040908483833717035,0.0040908483833717035,1.2220315946534877,3.403651450558211
2025-10-01,1,0.003399920834961989,0.003399920834961989,1.226186405333132,3.4152235960399127
2025-10-02,1,0.0006183547238911569,0.0006183547238911569,1.2269446234892407,3.4173354156836684
2025-10-03,1,6.551280273581206e-05,6.551280273581206e-05,1.2270250040703272,3.4175592949046383
2025-10-06,1,0.0036465919796933033,0.0036465919796933033,1.2314994636090533,3.4300217392195638
2025-10-07,1,-0.0038114057910215715,-0.0038114057910215715,1.2268057194218138,3.4169485344993724
2025-10-08,0,0.0058276636405680815,0.0058276636405680815,1.2339551305069294,3.4368613612355667
2025-10-09,0,-0.002755570407195318,-0.0,1.2305548802654978,3.4368613612355667
2025-10-10,1,-0.02711167321141361,-0.0,1.1971924784830295,3.4368613612355667
2025-10-13,0,0.015598671787557583,0.015598671787557583,1.2158670910214189,3.4904718335888187
2025-10-14,0,-0.0015643266604626893,-0.0,1.2139650777153548,3.4904718335888187
2025-10-15,0,0.004026001159503689,0.0,1.2188525025258339,3.4904718335888187
2025-10-16,1,-0.006294387099829435,-0.0,1.2111805730573404,3.4904718335888187
2025-10-17,1,0.0052707155502571545,0.0052707155502571545,1.217564361337923,3.50886911775985
2025-10-20,1,0.010672270853256949,0.010672270853256949,1.230558537983394,3.546316719373212
2025-10-21,0,3.2696450934288634e-05,3.2696450934288634e-05,1.230598772880253,3.546432671343825
2025-10-22,1,-0.005337539220865439,-0.0,1.2240304036648557,3.546432671343825
2025-10-23,1,0.0058273934429324825,0.0058273934429324825,1.2311633104131223,3.567099129838615
2025-10-24,1,0.00790242258787388,0.00790242258787388,1.2408924831666925,3.595287854575437
2025-10-27,1,0.012290050865671143,0.012290050865671143,1.2561431149036402,3.6394741251848988
2025-10-28,0,0.0022879438603986557,0.0022879438603986557,1.259017099831166,3.647801037664695
2025-10-29,0,-4.3578255173426506e-05,-0.0,1.258962234062722,3.647801037664695
2025-10-30,1,-0.00990481243951924,-0.0,1.2464924492658926,3.647801037664695
2025-10-31,1,0.0026179217059763005,0.0026179217059763005,1.2497556689051614,3.6573506951802806
2025-11-03,0,0.0017207127269924793,0.0017207127269924793,1.2519061393902775,3.663643945068552
2025-11-04,1,-0.011736830084583816,-0.0,1.2372127297504065,3.663643945068552
2025-11-05,0,0.0036535556982648654,0.0036535556982648654,1.2417329553691518,3.6770292722804707
2025-11-06,1,-0.011178189042419073,-0.0,1.2278526296538337,3.6770292722804707
2025-11-07,1,0.0012618418007710464,0.0012618418007710464,1.2294019854271176,3.681669101518893
2025-11-10,0,0.01540101862170995,0.01540101862170995,1.2483360282982479,3.7383705559103597
2025-11-11,1,0.002075350517340535,0.0,1.2509267631203915,3.7383705559103597
2025-11-12,0,0.0006295171887717999,0.0006295171887717999,1.2517142430196704,3.7407239244333037
2025-11-13,0,-0.01655685496159698,-0.0,1.2309897918446286,3.7407239244333037
2025-11-14,0,-0.0005017255648851471,-0.0,1.2303721727959476,3.7407239244333037
2025-11-17,0,-0.00916226617680782,-0.0,1.2190991754522538,3.7407239244333037
2025-11-18,1,-0.008256436690967983,-0.0,1.2090337602901209,3.7407239244333037
2025-11-19,0,0.0037538357962292324,0.0037538357962292324,1.2135722744983475,3.7547659878046526
2025-11-20,1,-0.015567283563270418,-0.0,1.1946802507767087,3.7547659878046526
2025-11-21,1,0.009823035415319481,0.009823035415319481,1.2064156371900712,3.791649187079095
2025-11-24,1,0.015467217001293498,0.015467217001293498,1.2250755296442437,3.8502954478484255
2025-11-25,1,0.009061696817220577,0.009061696817220577,1.2361767926720757,3.8851856578535524
2025-11-26,1,0.006906711511012631,0.006906711511012631,1.2447147091556705,3.912019514359071
2025-11-28,0,0.005354773163420257,0.005354773163420257,1.2513798740763717,3.932967491469337
2025-12-01,1,-0.005323329342915684,-0.0,1.2447183668735669,3.932967491469337
2025-12-02,1,0.002457235261999813,0.002457235261999813,1.2477769327359074,3.9426317178736743
2025-12-03,1,0.0029797912994984355,0.0029797912994984355,1.2514950475837887,3.9543799375637207
2025-12-04,1,0.0010803218396737702,0.0010803218396737702,1.2528470650159371,3.9586519405726386
2025-12-05,0,0.001936641757662061,0.001936641757662061,1.2552733809580114,3.9663184312248014
2025-12-08,0,-0.003477255626794018,-0.0,1.2509084745309105,3.9663184312248014
2025-12-09,0,-0.0008763589340257116,-0.0,1.2498122297136067,3.9663184312248014
2025-12-10,0,0.00674955693920154,0.0,1.2582479085213691,3.9663184312248014
2025-12-11,0,0.002079350841514227,0.0,1.2608642473687866,3.9663184312248014
2025-12-12,0,-0.010663649289958,-0.0,1.247418833232599,3.9663184312248014
2025-12-15,0,-0.0015965630269072495,-0.0,1.2454272504443922,3.9663184312248014
2025-12-16,0,-0.0023839179519623555,-0.0,1.2424582540641946,3.9663184312248014
2025-12-17,1,-0.011592143912241393,-0.0,1.2280554991781303,3.9663184312248014
2025-12-18,1,0.007934262269941872,0.007934262269941872,1.237799213590654,3.997788241904243
2025-12-19,1,0.008818059450332205,0.008818059450332205,1.2487142006436707,4.033040976291194
2025-12-22,1,0.006436496360377575,0.006436496360377575,1.2567515450512654,4.058999629856346
2025-12-23,1,0.004550388765703239,0.004550388765703239,1.2624702531631469,4.077469656172037
2025-12-24,0,0.0032214822012188726,0.0032214822012188726,1.2665372786132802,4.090605152095406
2025-12-26,0,-0.00030436354912266594,-0.0,1.2661517908320654,4.090605152095406
2025-12-29,0,-0.00349205148036813,-0.0,1.2617303235965196,4.090605152095406
2025-12-30,0,-0.0013756671519022934,-0.0,1.2599946026357889,4.090605152095406
2025-12-31,1,-0.007357666300846111,-0.0,1.2507239828087275,4.090605152095406
2026-01-02,0,0.0018947067188299638,0.0018947067188299638,1.253093737942357,4.098355649161161
2026-01-05,1,0.006354126864826393,0.0,1.2610560545267622,4.098355649161161
2026-01-06,0,0.006196712678341321,0.006196712678341321,1.2688704565679472,4.12375198157267
2026-01-07,1,-0.003439923431013958,-0.0,1.2645056393534777,4.12375198157267
2026-01-08,1,7.65482590914246e-05,7.65482590914246e-05,1.2646024350587814,4.1240676476077835
2026-01-09,1,0.006475487031883276,0.006475487031883276,1.2727913517274927,4.150772994178477
2026-01-12,0,0.001577633215136931,0.001577633215136931,1.274799349639917,4.157321391522586
2026-01-13,0,-0.0019391230550597216,-0.0,1.2723273568304552,4.157321391522586
2026-01-14,1,-0.005333360445499591,-0.0,1.2655415764318085,4.157321391522586
2026-01-15,0,0.0025799262171273263,0.0025799262171273263,1.2688065803237096,4.1680469739736
2026-01-16,0,-0.0006423023039563436,-0.0,1.2679916229338928,4.1680469739736
2026-01-20,1,-0.02062675805627745,-0.0,1.2418370665102487,4.1680469739736
2026-01-21,1,0.011587741323274559,0.011587741323274559,1.2562271532026237,4.216345224131263
2026-01-22,1,0.005487502192628835,0.005487502192628835,1.2631207024602629,4.239482427793564
2026-01-23,1,0.0003268698377891788,0.0003268698377891788,1.2635335785193842,4.240868186727047
2026-01-26,1,0.005006083031276365,0.005006083031276365,1.269858932526258,4.2620983249945015
2026-01-27,0,0.004081896177137168,0.004081896177137168,1.2750423648484404,4.279495767853879
2026-01-28,0,-8.172305219089626e-05,-0.0,1.2749381644947122,4.279495767853879
2026-01-29,0,-0.001292631274007694,-0.0,1.2732901395508605,4.279495767853879
2026-01-30,1,-0.004301899620894223,-0.0,1.2678125731822383,4.279495767853879
2026-02-02,0,0.00539126612916796,0.00539126612916796,1.274647688166169,4.302567668437027
2026-02-03,0,-0.008403983020698336,-0.0,1.2639355706374482,4.302567668437027
2026-02-04,0,-0.005072391906223106,-0.0,1.2575243940789593,4.302567668437027
2026-02-05,1,-0.012251015567674717,-0.0,1.2421184431503673,4.302567668437027
2026-02-06,1,0.0196957966973359,0.0196957966973359,1.2665829554806685,4.387310166511093
2026-02-09,0,0.004691086716887227,0.004691086716887227,1.2725246059589597,4.407891418956078
2026-02-10,0,-0.003303712975458173,-0.0,1.2683205499066632,4.407891418956078
2026-02-11,0,-4.895607156218951e-05,-0.0,1.2682584579150582,4.407891418956078
2026-02-12,1,-0.01566101212770199,-0.0,1.24839624682459,4.407891418956078
2026-02-13,1,0.0004990891480125548,0.0004990891480125548,1.2490193078437997,4.410091349728897
2026-02-17,1,0.0010313220779065713,0.0010313220779065713,1.2503074490317105,4.414639574303457
2026-02-18,0,0.005566070147410729,0.005566070147410729,1.2572667479988513,4.4392117678495655
2026-02-19,0,-0.0028221256867719813,-0.0,1.2537185832141995,4.4392117678495655
2026-02-20,0,0.006939724763506794,0.0,1.2624190451125996,4.4392117678495655
2026-02-23,1,-0.010385652247284827,-0.0,1.2493079999197108,4.4392117678495655
2026-02-24,0,0.0076516140863223114,0.0076516140863223114,1.2588672226100515,4.473178903144611
2026-02-25,0,0.008136355657339944,0.0,1.2691098140585746,4.473178903144611
2026-02-26,0,-0.005365580569328343,-0.0,1.262300303099918,4.473178903144611
2026-02-27,1,-0.00433935281103115,-0.0,1.2568227367312959,4.473178903144611
2026-03-02,0,0.0003983547353176853,0.0003983547353176853,1.2573233980199277,4.474960815142603
2026-03-03,1,-0.009444031095625416,-0.0,1.24544919675177,4.474960815142603
2026-03-04,0,0.007756049264286302,0.007756049264286302,1.2551089620779425,4.5096688316805995
2026-03-05,0,-0.005646704863891072,-0.0,1.2480217321970637,4.5096688316805995
2026-03-06,1,-0.013276795812569242,-0.0,1.2314520024890343,4.5096688316805995
2026-03-09,0,0.008304161513105202,0.008304161513105202,1.24167817881334,4.547117850029491
2026-03-10,0,-0.0021351198877325173,-0.0,1.239027047039592,4.547117850029491
2026-03-11,0,-0.0008376012017449197,-0.0,1.2379892364959972,4.547117850029491
2026-03-12,0,-0.015227676506708532,-0.0,1.219137536883849,4.547117850029491
2026-03-13,1,-0.006059115470564369,-0.0,1.2117506417733703,4.547117850029491
2026-03-16,0,0.010130883162251969,0.010130883162251969,1.2240267459469603,4.593184169693131
2026-03-17,0,0.0024942548757938,0.0,1.2270797806261404,4.593184169693131
2026-03-18,0,-0.013607567880073446,-0.0,1.2103822092170047,4.593184169693131
2026-03-19,0,-0.002748797741878972,-0.0,1.2070551133334986,4.593184169693131
2026-03-20,1,-0.015138182356779217,-0.0,1.1887824929131732,4.593184169693131
2026-03-23,0,0.011453200463990454,0.011453200463990454,1.20239785711259,4.645790828756653
2026-03-24,1,-0.0037425745042546366,-0.0,1.19789779354859,4.645790828756653
2026-03-25,0,0.005419124381509377,0.005419124381509377,1.2043893506881653,4.670966947108162
2026-03-26,0,-0.017406172392416708,-0.0,1.1834255420224964,4.670966947108162
2026-03-27,0,-0.01672184352107431,-0.0,1.1636364852899537,4.670966947108162
2026-03-30,1,-0.003945748828622642,-0.0,1.1590450679911783,4.670966947108162
2026-03-31,1,0.02913114047102594,0.02913114047102594,1.1928093726790792,4.807037541379889
2026-04-01,1,0.007168516684867399,0.007168516684867399,1.2013600465689953,4.8414968702000545
2026-04-02,1,0.0011208758485563575,0.0011208758485563575,1.202706622030615,4.846923587112723
2026-04-06,1,0.0044267825126402816,0.0044267825126402816,1.208030742672857,4.868379863688258
2026-04-07,1,0.0007592481161695641,0.0007592481161695641,1.2089479377385062,4.872076171928561
2026-04-08,1,0.025081414644149813,0.025081414644149813,1.2392700622481154,4.994274734574583
2026-04-09,1,0.006170023529293189,0.006170023529293189,1.246916387691335,5.025089527198663
2026-04-10,1,-0.0011385210916523558,-0.0011385210916523558,1.2454967470844214,5.019368356784506
2026-04-13,1,0.010173274948748201,0.010173274948748201,1.2581675279402826,5.070431771147121
2026-04-14,1,0.011782866364792755,0.011782866364792755,1.2729923477865246,5.130175991118348
2026-04-15,1,0.007975783355387733,0.007975783355387733,1.2831454589655362,5.1710931633985195
2026-04-16,1,0.0026099558353673835,0.0026099558353673835,1.2864944119437884,5.18458948817556
2026-04-17,0,0.012040463669150903,0.012040463669150903,1.3019844011713633,5.2470143495474
2026-04-20,0,-0.002374372617670484,-0.0,1.2988930050605878,5.2470143495474
2026-04-21,1,-0.006348217959672997,-0.0,1.2906473491581685,5.2470143495474
2026-04-22,0,0.010460084168953943,0.010460084168953943,1.3041476290628002,5.3018985612793745
2026-04-23,1,-0.004132868267081369,-0.0,1.2987577587110573,5.3018985612793745
2026-04-24,0,0.007973689797975636,0.007973689797975636,1.3091136502017333,5.344174255747349
2026-04-27,0,0.0012323767534654362,0.0,1.3107269714318863,5.344174255747349
2026-04-28,0,-0.004894172187521972,-0.0,1.3043120479428694,5.344174255747349
2026-04-29,1,-0.0003991720531409948,-0.0,1.3037914030247555,5.344174255747349
2026-04-30,1,0.010238239941821936,0.010238239941821936,1.3171399322430075,5.398889194068598
2026-05-01,0,0.002928328889657106,0.002928328889657106,1.3209969511583157,5.414698917267647
2026-05-04,1,-0.004062189384334225,-0.0,1.3156308113665824,5.414698917267647
2026-05-05,1,0.008120017337603702,0.008120017337603702,1.3263137563647647,5.458666366353764
2026-05-06,0,0.014588330317794274,0.014588330317794274,1.3456624595476483,5.538299194400767
2026-05-07,1,-0.003803095327784889,-0.0,1.3405447769349672,5.538299194400767
2026-05-08,1,0.008425703533400997,0.008425703533400997,1.3518398097986704,5.584963261492061
2026-05-11,0,0.0018799566475542484,0.0018799566475542484,1.35438121003553,5.5954627503018495
2026-05-12,1,-0.0016026088601545085,-0.0,1.3522106667083003,5.5954627503018495
2026-05-13,1,0.005849246488426552,0.005849246488426552,1.3601200802021567,5.628191991145174
2026-05-14,0,0.007655604577358366,0.007655604577358366,1.3705326217139093,5.671279203514837
2026-05-15,0,-0.012363320128051747,-0.0,1.3535882881657222,5.671279203514837
2026-05-18,0,-0.0007356678561787344,-0.0,1.3525924967716187,5.671279203514837
2026-05-19,1,-0.006678320788135905,-0.0,1.3435594501825523,5.671279203514837
2026-05-20,1,0.010792026370445518,0.010792026370445518,1.3580591791991836,5.7324837982333285
2026-05-21,1,0.0017153304306989359,0.0017153304306989359,1.360388699435954,5.742316902135927
2026-05-22,1,0.0037269732409066503,0.0037269732409066503,1.3654588317159835,5.763718363570993
2026-05-26,1,0.006108260424063872,0.006108260424063872,1.3737994098584427,5.798924656346643
2026-05-27,0,0.00016487914469087706,0.00016487914469087706,1.374025920730117,5.799880778084108
