Date,sentiment_score,article_count,pct_positive,pct_negative
2010-01-05,-0.1766,3,0.0,0.333
2010-01-06,-0.4826,1,0.0,1.0
2010-01-07,0.0139,1,0.0,0.0
2010-01-11,0.0158,1,0.0,0.0
2010-01-13,-0.4784,2,0.0,0.5
2010-01-14,-0.0078,1,0.0,0.0
2010-01-20,0.0819,1,0.0,0.0
2010-01-28,-0.013,2,0.0,0.0
2010-02-02,0.0451,1,0.0,0.0
2010-02-04,-0.0395,1,0.0,0.0
2010-02-05,0.3691,1,0.0,0.0
2010-02-08,-0.4231,2,0.0,0.5
2010-02-12,0.0115,1,0.0,0.0
2010-02-18,0.0222,1,0.0,0.0
2010-02-23,-0.956,1,0.0,1.0
2010-02-26,-0.0789,2,0.0,0.0
2010-03-01,0.0172,1,0.0,0.0
2010-03-02,0.0296,1,0.0,0.0
2010-03-05,0.2835,2,0.5,0.0
2010-03-08,-0.4278,1,0.0,0.0
2010-03-09,-0.3212,1,0.0,0.0
2010-03-10,-0.5147,1,0.0,1.0
2010-03-12,-0.5972,1,0.0,1.0
2010-03-15,0.2509,1,0.0,0.0
2010-03-22,0.0034,1,0.0,0.0
2010-03-24,0.03,1,0.0,0.0
2010-04-01,-0.3701,2,0.0,0.5
2010-04-05,-0.3094,2,0.0,0.5
2010-04-12,-0.251,1,0.0,0.0
2010-04-14,-0.0162,4,0.0,0.0
2010-04-15,0.0134,1,0.0,0.0
2010-04-19,-0.1062,2,0.0,0.0
2010-04-22,0.0045,2,0.0,0.0
2010-04-23,0.1661,1,0.0,0.0
2010-04-28,-0.362,2,0.0,0.5
2010-04-30,0.0507,1,0.0,0.0
2010-05-04,-0.1149,1,0.0,0.0
2010-05-05,-0.8785,1,0.0,1.0
2010-05-06,-0.0475,1,0.0,0.0
2010-05-07,0.0995,1,0.0,0.0
2010-05-11,-0.0069,1,0.0,0.0
2010-05-12,0.291,3,0.333,0.0
2010-05-17,-0.5533,1,0.0,1.0
2010-05-18,0.1071,1,0.0,0.0
2010-05-20,-0.0433,1,0.0,0.0
2010-05-25,0.459,1,0.0,0.0
2010-05-26,0.7287,1,1.0,0.0
2010-06-01,0.0192,3,0.0,0.0
2010-06-07,0.2394,2,0.5,0.0
2010-06-08,0.0971,1,0.0,0.0
2010-06-11,0.2827,2,0.5,0.0
2010-06-14,-0.0118,1,0.0,0.0
2010-06-15,0.1585,2,0.5,0.0
2010-06-21,0.0178,3,0.333,0.333
2010-06-22,0.1055,1,0.0,0.0
2010-06-23,-0.0235,1,0.0,0.0
2010-06-28,-0.3004,2,0.0,0.5
2010-06-29,0.0958,1,0.0,0.0
2010-06-30,-0.3322,3,0.0,0.333
2010-07-06,-0.4965,2,0.0,0.5
2010-07-07,-0.0117,1,0.0,0.0
2010-07-13,0.2918,4,0.25,0.0
2010-07-14,-0.0607,2,0.0,0.0
2010-07-20,-0.3078,1,0.0,0.0
2010-07-21,-0.0273,1,0.0,0.0
2010-07-26,0.0018,1,0.0,0.0
2010-07-30,-0.4622,2,0.0,0.5
2010-08-02,0.2498,2,0.0,0.0
2010-08-04,0.3001,3,0.333,0.0
2010-08-06,-0.9642,1,0.0,1.0
2010-08-09,0.0334,1,0.0,0.0
2010-08-10,-0.0164,1,0.0,0.0
2010-08-11,-0.0451,1,0.0,0.0
2010-08-17,0.0322,1,0.0,0.0
2010-08-24,-0.0424,1,0.0,0.0
2010-08-27,0.3112,2,0.5,0.0
2010-08-30,0.4619,2,0.5,0.0
2010-09-03,-0.2914,3,0.0,0.333
2010-09-07,-0.7451,2,0.0,1.0
2010-09-09,0.0418,1,0.0,0.0
2010-09-10,-0.0413,1,0.0,0.0
2010-09-13,0.2439,2,0.5,0.0
2010-09-14,-0.0419,1,0.0,0.0
2010-09-15,0.2245,3,0.333,0.0
2010-09-17,-0.0318,2,0.0,0.0
2010-09-20,-0.4486,1,0.0,1.0
2010-09-21,-0.0429,1,0.0,0.0
2010-09-22,-0.2989,2,0.0,0.5
2010-09-24,0.0981,4,0.0,0.0
2010-09-27,0.0436,1,0.0,0.0
2010-09-28,-0.3341,1,0.0,0.0
2010-09-29,-0.0014,1,0.0,0.0
2010-09-30,0.0685,7,0.143,0.0
2010-10-01,-0.8761,1,0.0,1.0
2010-10-04,0.0237,1,0.0,0.0
2010-10-08,-0.0404,1,0.0,0.0
2010-10-12,0.4484,2,0.5,0.0
2010-10-13,0.092,2,0.0,0.0
2010-10-14,-0.5337,2,0.0,0.5
2010-10-19,-0.0371,4,0.0,0.25
2010-10-20,-0.8637,1,0.0,1.0
2010-10-22,-0.0098,1,0.0,0.0
2010-10-26,0.1794,1,0.0,0.0
2010-10-29,0.0086,1,0.0,0.0
2010-11-02,0.0572,1,0.0,0.0
2010-11-04,-0.0006,1,0.0,0.0
2010-11-05,-0.9632,1,0.0,1.0
2010-11-08,-0.5627,2,0.0,0.5
2010-11-10,0.0225,2,0.0,0.0
2010-11-11,0.0028,1,0.0,0.0
2010-11-12,-0.0338,1,0.0,0.0
2010-11-15,0.0098,3,0.0,0.0
2010-11-18,0.0641,2,0.0,0.0
2010-11-22,0.0605,2,0.0,0.0
2010-11-23,-0.5917,1,0.0,1.0
2010-11-24,-0.1415,1,0.0,0.0
2010-11-26,-0.8001,1,0.0,1.0
2010-11-29,-0.2436,2,0.0,0.5
2010-11-30,-0.0125,1,0.0,0.0
2010-12-02,0.5542,1,1.0,0.0
2010-12-03,-0.1515,1,0.0,0.0
2010-12-09,0.6706,1,1.0,0.0
2010-12-10,-0.3093,4,0.25,0.5
2010-12-13,-0.1246,2,0.0,0.0
2010-12-14,0.0517,1,0.0,0.0
2010-12-16,0.0147,1,0.0,0.0
2010-12-17,0.0509,1,0.0,0.0
2010-12-20,0.0647,1,0.0,0.0
2010-12-22,-0.0139,2,0.0,0.0
2010-12-23,0.0024,1,0.0,0.0
2010-12-30,0.2114,1,0.0,0.0
2010-12-31,0.0434,5,0.2,0.0
2011-01-03,-0.012,2,0.0,0.0
2011-01-04,0.0054,3,0.0,0.0
2011-01-05,-0.0153,1,0.0,0.0
2011-01-06,0.0284,2,0.0,0.0
2011-01-11,0.7469,1,1.0,0.0
2011-01-12,0.0279,2,0.0,0.0
2011-01-13,0.2682,2,0.5,0.0
2011-01-14,0.1809,1,0.0,0.0
2011-01-18,0.0925,1,0.0,0.0
2011-01-19,-0.1211,1,0.0,0.0
2011-01-20,-0.0586,2,0.0,0.0
2011-01-21,-0.3321,2,0.0,0.5
2011-01-24,0.0956,1,0.0,0.0
2011-01-26,-0.8667,1,0.0,1.0
2011-01-28,-0.053,3,0.0,0.0
2011-01-31,0.0079,1,0.0,0.0
2011-02-01,0.0436,4,0.5,0.25
2011-02-02,-0.0175,1,0.0,0.0
2011-02-03,0.5239,2,0.5,0.0
2011-02-04,-0.07,2,0.0,0.0
2011-02-09,0.0556,1,0.0,0.0
2011-02-14,-0.0269,3,0.0,0.0
2011-02-15,0.1582,3,0.333,0.0
2011-02-16,-0.9427,1,0.0,1.0
2011-02-18,-0.1368,2,0.0,0.0
2011-02-23,0.0788,1,0.0,0.0
2011-02-24,-0.0143,1,0.0,0.0
2011-02-28,-0.0739,3,0.0,0.0
2011-03-01,-0.8991,2,0.0,1.0
2011-03-04,0.0365,2,0.0,0.0
2011-03-08,-0.0371,2,0.0,0.0
2011-03-09,0.3705,2,0.5,0.0
2011-03-10,-0.0113,2,0.0,0.0
2011-03-11,0.0481,2,0.5,0.0
2011-03-14,-0.0193,1,0.0,0.0
2011-03-15,-0.0147,1,0.0,0.0
2011-03-16,0.4574,2,0.5,0.0
2011-03-17,-0.2902,2,0.0,0.5
2011-03-23,-0.0104,1,0.0,0.0
2011-03-29,0.0026,1,0.0,0.0
2011-03-30,0.0307,1,0.0,0.0
2011-03-31,0.0059,2,0.0,0.0
2011-04-01,-0.4376,1,0.0,0.0
2011-04-04,-0.2011,3,0.0,0.333
2011-04-05,-0.0062,2,0.0,0.0
2011-04-06,-0.1967,1,0.0,0.0
2011-04-12,0.1081,1,0.0,0.0
2011-04-13,0.0468,2,0.0,0.0
2011-04-14,0.1143,2,0.0,0.0
2011-04-15,0.0609,2,0.0,0.5
2011-04-18,0.0351,2,0.0,0.0
2011-04-19,0.0435,1,0.0,0.0
2011-04-20,0.0478,2,0.0,0.0
2011-04-21,-0.0727,6,0.167,0.167
2011-04-25,-0.9509,1,0.0,1.0
2011-04-26,0.0635,2,0.0,0.0
2011-04-27,-0.0128,1,0.0,0.0
2011-04-28,0.0764,1,0.0,0.0
2011-04-29,-0.0319,4,0.0,0.0
2011-05-02,-0.0221,4,0.0,0.0
2011-05-03,0.0361,3,0.0,0.0
2011-05-05,0.0167,1,0.0,0.0
2011-05-06,0.0619,3,0.0,0.0
2011-05-09,-0.0135,1,0.0,0.0
2011-05-10,-0.066,3,0.0,0.0
2011-05-11,-0.4664,2,0.0,0.5
2011-05-12,0.0805,1,0.0,0.0
2011-05-13,-0.0529,4,0.0,0.0
2011-05-16,-0.8274,1,0.0,1.0
2011-05-17,-0.0146,1,0.0,0.0
2011-05-18,0.0347,2,0.0,0.0
2011-05-20,0.0397,4,0.0,0.0
2011-05-23,-0.2211,4,0.0,0.5
2011-05-25,-0.0641,1,0.0,0.0
2011-05-26,-0.7939,1,0.0,1.0
2011-05-27,0.0878,6,0.0,0.0
2011-06-01,-0.0294,4,0.0,0.0
2011-06-02,0.1162,4,0.25,0.0
2011-06-03,0.0326,3,0.0,0.0
2011-06-07,-0.0113,3,0.0,0.0
2011-06-08,-0.0218,2,0.0,0.0
2011-06-09,0.0736,1,0.0,0.0
2011-06-10,-0.4045,2,0.0,0.5
2011-06-13,0.1604,2,0.0,0.0
2011-06-14,0.0336,1,0.0,0.0
2011-06-15,0.0582,3,0.0,0.0
2011-06-16,0.1457,4,0.25,0.0
2011-06-20,0.3277,2,0.5,0.0
2011-06-21,-0.0023,2,0.0,0.0
2011-06-22,0.0095,2,0.0,0.0
2011-06-23,-0.2617,2,0.0,0.5
2011-06-24,0.0916,5,0.2,0.0
2011-06-27,-0.0575,2,0.0,0.0
2011-06-29,-0.3074,5,0.0,0.4
2011-06-30,0.1422,4,0.25,0.0
2011-07-01,-0.2919,4,0.0,0.25
2011-07-05,0.0889,2,0.0,0.0
2011-07-07,-0.7787,1,0.0,1.0
2011-07-08,-0.3284,3,0.333,0.333
2011-07-12,0.0058,3,0.0,0.0
2011-07-13,-0.0023,1,0.0,0.0
2011-07-14,0.466,2,0.5,0.0
2011-07-15,0.0825,3,0.0,0.0
2011-07-18,-0.2532,2,0.0,0.5
2011-07-19,-0.4436,3,0.0,0.667
2011-07-20,0.1309,3,0.0,0.0
2011-07-21,-0.1913,4,0.0,0.5
2011-07-22,0.3601,2,0.5,0.0
2011-07-25,0.0185,2,0.0,0.0
2011-07-26,-0.0034,1,0.0,0.0
2011-07-27,-0.0643,2,0.0,0.0
2011-07-28,-0.6976,1,0.0,1.0
2011-07-29,0.0168,4,0.0,0.0
2011-08-01,0.4212,2,0.5,0.0
2011-08-02,-0.1818,3,0.0,0.333
2011-08-03,-0.0131,1,0.0,0.0
2011-08-04,-0.2676,3,0.333,0.333
2011-08-05,-0.4099,2,0.0,0.5
2011-08-08,-0.4624,6,0.167,0.667
2011-08-09,-0.3231,4,0.0,0.5
2011-08-10,-0.1709,3,0.0,0.333
2011-08-11,-0.3432,4,0.25,0.5
2011-08-12,-0.0265,2,0.0,0.0
2011-08-15,0.1517,1,0.0,0.0
2011-08-16,0.3626,1,0.0,0.0
2011-08-17,-0.3754,2,0.0,0.5
2011-08-18,-0.2645,3,0.0,0.333
2011-08-22,0.0456,3,0.0,0.0
2011-08-23,0.0489,4,0.0,0.0
2011-08-24,-0.0867,1,0.0,0.0
2011-08-25,0.0222,3,0.0,0.0
2011-08-26,0.11,4,0.25,0.0
2011-08-29,0.2508,1,0.0,0.0
2011-08-30,0.3123,3,0.333,0.0
2011-08-31,0.0601,2,0.5,0.0
2011-09-01,-0.4793,2,0.0,0.5
2011-09-02,-0.0078,2,0.0,0.0
2011-09-06,0.0098,2,0.0,0.0
2011-09-07,-0.139,3,0.333,0.333
2011-09-08,-0.0436,2,0.0,0.0
2011-09-09,-0.157,2,0.0,0.0
2011-09-12,0.0256,4,0.0,0.0
2011-09-13,-0.029,3,0.0,0.0
2011-09-14,0.0533,4,0.0,0.0
2011-09-15,0.1256,3,0.333,0.0
2011-09-16,-0.0933,3,0.0,0.0
2011-09-19,0.0265,3,0.0,0.0
2011-09-21,-0.0555,2,0.0,0.0
2011-09-22,0.1594,5,0.2,0.0
2011-09-23,0.0575,4,0.0,0.0
2011-09-26,-0.313,3,0.0,0.333
2011-09-27,-0.0061,3,0.0,0.0
2011-09-28,-0.0215,3,0.0,0.0
2011-09-29,0.0383,3,0.0,0.0
2011-09-30,0.0438,5,0.0,0.0
2011-10-03,-0.1361,5,0.0,0.2
2011-10-04,-0.187,4,0.0,0.25
2011-10-05,0.1364,4,0.25,0.0
2011-10-06,-0.0307,1,0.0,0.0
2011-10-07,-0.0472,2,0.0,0.0
2011-10-10,-0.1142,4,0.0,0.25
2011-10-11,-0.0526,5,0.0,0.0
2011-10-12,-0.925,2,0.0,1.0
2011-10-13,-0.1218,3,0.0,0.333
2011-10-14,0.0671,5,0.0,0.0
2011-10-17,0.0781,1,0.0,0.0
2011-10-18,-0.0498,3,0.0,0.0
2011-10-19,-0.2752,3,0.0,0.333
2011-10-20,0.2978,3,0.333,0.0
2011-10-21,0.0143,3,0.0,0.0
2011-10-24,-0.0249,3,0.0,0.0
2011-10-25,-0.6971,1,0.0,1.0
2011-10-26,-0.1295,4,0.0,0.25
2011-10-27,0.0326,2,0.0,0.0
2011-10-28,0.0025,3,0.0,0.0
2011-10-31,0.095,2,0.0,0.0
2011-11-01,0.0922,2,0.0,0.0
2011-11-02,0.0032,2,0.0,0.0
2011-11-03,0.1541,3,0.0,0.333
2011-11-04,0.376,2,0.5,0.0
2011-11-07,0.011,2,0.0,0.0
2011-11-08,-0.0294,3,0.0,0.0
2011-11-09,0.0528,5,0.2,0.0
2011-11-10,0.0076,1,0.0,0.0
2011-11-11,0.1451,2,0.0,0.0
2011-11-14,0.0811,2,0.0,0.0
2011-11-15,0.0046,2,0.0,0.0
2011-11-17,-0.0464,4,0.0,0.25
2011-11-18,-0.1304,5,0.0,0.2
2011-11-21,-0.4472,2,0.0,0.5
2011-11-22,0.0108,2,0.0,0.0
2011-11-23,-0.2284,4,0.0,0.25
2011-11-25,-0.0237,2,0.0,0.0
2011-11-28,0.1736,3,0.333,0.0
2011-11-29,-0.1835,4,0.0,0.25
2011-11-30,0.0313,2,0.0,0.0
2011-12-01,-0.0163,3,0.0,0.0
2011-12-02,0.1421,3,0.333,0.0
2011-12-05,0.0441,3,0.0,0.0
2011-12-06,-0.6201,3,0.333,0.667
2011-12-07,-0.0457,5,0.0,0.0
2011-12-08,0.0034,5,0.0,0.0
2011-12-09,-0.0572,3,0.0,0.0
2011-12-12,0.0099,2,0.0,0.0
2011-12-13,0.0661,3,0.0,0.0
2011-12-14,-0.2792,3,0.0,0.333
2011-12-15,0.0276,2,0.0,0.0
2011-12-16,0.0141,3,0.0,0.0
2011-12-19,0.0216,4,0.0,0.0
2011-12-20,0.0244,4,0.0,0.0
2011-12-21,-0.2384,4,0.0,0.25
2011-12-22,0.0283,5,0.0,0.0
2011-12-23,0.2867,3,0.333,0.0
2011-12-27,-0.07,1,0.0,0.0
2011-12-28,-0.0304,3,0.0,0.0
2011-12-30,0.0054,4,0.25,0.0
2012-01-03,-0.3228,4,0.0,0.5
2012-01-04,0.0481,1,0.0,0.0
2012-01-05,-0.0033,2,0.0,0.0
2012-01-06,-0.005,2,0.0,0.0
2012-01-09,-0.0032,3,0.333,0.333
2012-01-10,0.1797,2,0.0,0.0
2012-01-11,0.0224,2,0.0,0.0
2012-01-12,-0.3602,3,0.0,0.333
2012-01-13,-0.4531,2,0.0,0.5
2012-01-17,0.0619,2,0.0,0.0
2012-01-18,-0.0399,3,0.0,0.0
2012-01-19,-0.6173,5,0.0,0.6
2012-01-20,-0.1008,1,0.0,0.0
2012-01-23,-0.1301,4,0.0,0.25
2012-01-24,0.0852,3,0.0,0.0
2012-01-25,0.0969,3,0.333,0.0
2012-01-26,-0.2301,2,0.0,0.5
2012-01-27,0.059,3,0.0,0.0
2012-01-30,-0.0473,2,0.0,0.0
2012-01-31,-0.1833,3,0.0,0.333
2012-02-01,-0.1338,2,0.0,0.0
2012-02-02,0.0168,2,0.0,0.0
2012-02-03,0.1187,4,0.0,0.0
2012-02-06,0.0205,1,0.0,0.0
2012-02-07,-0.4573,2,0.0,0.5
2012-02-08,-0.2421,3,0.0,0.333
2012-02-09,0.0426,2,0.0,0.0
2012-02-10,0.0962,1,0.0,0.0
2012-02-13,-0.0813,3,0.0,0.333
2012-02-14,0.2546,6,0.167,0.0
2012-02-15,0.1501,5,0.2,0.0
2012-02-16,0.138,4,0.0,0.0
2012-02-17,-0.1507,1,0.0,0.0
2012-02-21,0.0583,3,0.0,0.0
2012-02-22,0.268,2,0.5,0.0
2012-02-23,-0.2839,1,0.0,0.0
2012-02-24,-0.4102,3,0.0,0.667
2012-02-27,0.2,2,0.0,0.0
2012-02-28,-0.0725,5,0.0,0.0
2012-02-29,0.4456,3,0.667,0.0
2012-03-01,-0.0608,3,0.0,0.333
2012-03-02,0.1834,4,0.25,0.0
2012-03-05,-0.0857,3,0.333,0.333
2012-03-06,-0.5545,2,0.0,0.5
2012-03-07,0.1422,5,0.2,0.0
2012-03-08,0.1262,1,0.0,0.0
2012-03-09,-0.4719,4,0.0,0.5
2012-03-13,0.0767,3,0.333,0.0
2012-03-14,-0.5993,3,0.0,1.0
2012-03-15,-0.3163,2,0.5,0.5
2012-03-16,0.0122,3,0.333,0.333
2012-03-19,0.1095,3,0.0,0.0
2012-03-20,-0.0021,1,0.0,0.0
2012-03-21,-0.7411,2,0.0,1.0
2012-03-22,0.0148,1,0.0,0.0
2012-03-23,-0.5053,3,0.0,0.667
2012-03-26,0.4571,2,0.5,0.0
2012-03-27,0.4071,1,0.0,0.0
2012-03-28,-0.2999,5,0.2,0.4
2012-03-29,0.1751,2,0.0,0.0
2012-03-30,-0.0901,6,0.0,0.167
2012-04-02,0.1095,2,0.0,0.0
2012-04-03,0.0802,2,0.0,0.0
2012-04-04,0.1073,4,0.0,0.0
2012-04-05,0.014,2,0.0,0.0
2012-04-09,0.1418,2,0.5,0.0
2012-04-10,0.2497,1,0.0,0.0
2012-04-11,0.04,2,0.5,0.0
2012-04-12,-0.0544,4,0.0,0.25
2012-04-13,-0.2329,5,0.0,0.2
2012-04-16,-0.715,2,0.0,0.5
2012-04-17,0.4264,2,0.5,0.0
2012-04-18,-0.3254,2,0.0,0.5
2012-04-19,-0.3297,4,0.0,0.5
2012-04-20,-0.3867,4,0.0,0.5
2012-04-23,-0.0122,3,0.0,0.0
2012-04-24,0.0736,5,0.2,0.0
2012-04-25,0.114,2,0.0,0.0
2012-04-27,0.3425,5,0.4,0.2
2012-04-30,-0.9471,1,0.0,1.0
2012-05-01,0.4604,2,0.5,0.0
2012-05-02,-0.0391,4,0.0,0.0
2012-05-03,-0.3404,3,0.0,0.333
2012-05-04,-0.2689,3,0.0,0.333
2012-05-07,0.0929,3,0.333,0.0
2012-05-08,-0.4426,2,0.0,0.5
2012-05-09,-0.126,4,0.0,0.25
2012-05-10,-0.389,4,0.0,0.5
2012-05-11,0.057,1,0.0,0.0
2012-05-14,-0.1477,5,0.2,0.6
2012-05-15,0.1284,9,0.556,0.333
2012-05-16,-0.2474,3,0.0,0.333
2012-05-18,-0.0244,1,0.0,0.0
2012-05-21,-0.4036,4,0.0,0.5
2012-05-22,0.0026,5,0.0,0.0
2012-05-23,-0.4233,2,0.0,0.5
2012-05-24,-0.0377,1,0.0,0.0
2012-05-25,-0.3355,3,0.0,0.333
2012-05-29,-0.0177,3,0.0,0.0
2012-05-31,-0.0867,7,0.0,0.143
2012-06-01,-0.4447,3,0.0,0.667
2012-06-04,-0.369,3,0.0,0.333
2012-06-05,-0.5163,3,0.333,0.667
2012-06-06,0.4552,2,0.5,0.0
2012-06-07,0.1977,2,0.0,0.0
2012-06-08,0.1305,3,0.0,0.0
2012-06-11,0.0694,2,0.0,0.0
2012-06-12,0.1712,2,0.0,0.0
2012-06-13,-0.0307,3,0.0,0.0
2012-06-14,-0.4261,2,0.0,0.5
2012-06-15,0.0735,5,0.0,0.0
2012-06-18,-0.0544,4,0.0,0.25
2012-06-19,-0.4345,2,0.0,0.5
2012-06-20,-0.2268,3,0.0,0.333
2012-06-21,0.0262,3,0.0,0.0
2012-06-22,0.0618,4,0.0,0.0
2012-06-25,-0.4065,1,0.0,0.0
2012-06-26,-0.254,6,0.0,0.333
2012-06-27,0.1992,2,0.0,0.0
2012-06-28,-0.0784,4,0.0,0.25
2012-06-29,-0.2065,1,0.0,1.0
2012-07-02,0.0612,4,0.0,0.0
2012-07-03,-0.1022,6,0.0,0.167
2012-07-05,0.1307,4,0.25,0.0
2012-07-06,-0.3345,3,0.0,0.333
2012-07-09,0.0716,2,0.0,0.0
2012-07-10,-0.4488,2,0.0,0.5
2012-07-12,0.0617,1,0.0,0.0
2012-07-13,0.1992,4,0.5,0.25
2012-07-16,0.1059,1,0.0,0.0
2012-07-17,0.0732,8,0.125,0.0
2012-07-18,-0.0263,1,0.0,0.0
2012-07-19,0.0768,4,0.0,0.0
2012-07-20,-0.1385,3,0.0,0.0
2012-07-23,-0.3633,1,0.0,0.0
2012-07-24,-0.0134,7,0.143,0.143
2012-07-25,0.297,3,0.333,0.0
2012-07-27,-0.1605,3,0.0,0.333
2012-07-31,-0.2468,1,0.0,0.0
2012-08-01,0.0726,3,0.0,0.0
2012-08-02,0.1817,8,0.25,0.125
2012-08-03,-0.1674,5,0.0,0.2
2012-08-06,0.2246,3,0.333,0.0
2012-08-07,-0.109,3,0.0,0.0
2012-08-08,-0.0341,3,0.0,0.0
2012-08-09,-0.3357,2,0.0,0.5
2012-08-10,-0.6233,2,0.0,0.5
2012-08-13,-0.0332,1,0.0,0.0
2012-08-14,-0.0443,5,0.0,0.2
2012-08-15,0.0811,3,0.0,0.0
2012-08-16,0.1008,4,0.25,0.25
2012-08-17,0.0414,1,0.0,0.0
2012-08-20,0.051,4,0.0,0.0
2012-08-21,0.3475,3,0.333,0.0
2012-08-22,0.1022,3,0.0,0.0
2012-08-23,-0.0021,2,0.0,0.0
2012-08-24,0.1271,2,0.0,0.0
2012-08-27,-0.1227,7,0.0,0.286
2012-08-28,0.1103,2,0.0,0.0
2012-08-29,-0.0004,1,0.0,0.0
2012-08-30,0.435,1,0.0,0.0
2012-08-31,-0.2776,3,0.0,0.333
2012-09-04,-0.0473,5,0.2,0.2
2012-09-05,0.1137,1,0.0,0.0
2012-09-07,0.1361,3,0.0,0.0
2012-09-10,-0.0403,3,0.0,0.0
2012-09-11,-0.2228,3,0.0,0.333
2012-09-12,0.0274,4,0.0,0.0
2012-09-13,0.0729,3,0.0,0.0
2012-09-14,-0.3375,4,0.0,0.25
2012-09-17,-0.9216,1,0.0,1.0
2012-09-18,-0.1311,3,0.0,0.333
2012-09-19,-0.4628,2,0.0,0.5
2012-09-20,0.0796,3,0.0,0.0
2012-09-21,-0.0012,4,0.0,0.0
2012-09-24,0.0217,3,0.0,0.0
2012-09-25,-0.0561,4,0.0,0.25
2012-09-26,0.0629,3,0.0,0.0
2012-09-27,0.0402,4,0.0,0.0
2012-09-28,0.0032,7,0.0,0.0
2012-10-01,-0.1321,3,0.0,0.333
2012-10-02,-0.5632,2,0.0,0.5
2012-10-03,0.0734,2,0.0,0.0
2012-10-04,0.077,4,0.0,0.0
2012-10-05,-0.3061,3,0.0,0.333
2012-10-08,-0.0201,1,0.0,0.0
2012-10-09,0.0468,7,0.286,0.286
2012-10-10,-0.1218,3,0.0,0.0
2012-10-11,-0.2804,3,0.333,0.333
2012-10-12,0.016,2,0.0,0.0
2012-10-15,-0.1315,3,0.0,0.333
2012-10-16,0.0039,1,0.0,0.0
2012-10-17,0.0023,6,0.0,0.0
2012-10-18,-0.241,3,0.0,0.333
2012-10-19,0.1202,2,0.0,0.0
2012-10-22,0.0598,5,0.2,0.0
2012-10-23,0.023,3,0.0,0.0
2012-10-24,0.0215,5,0.0,0.2
2012-10-25,0.0194,2,0.0,0.0
2012-10-26,0.1996,1,0.0,0.0
2012-10-31,0.0187,1,0.0,0.0
2012-11-01,-0.0006,3,0.0,0.0
2012-11-02,-0.5368,2,0.0,0.5
2012-11-05,0.422,3,0.667,0.0
2012-11-06,0.8719,1,1.0,0.0
2012-11-07,-0.0349,6,0.0,0.167
2012-11-08,0.2592,4,0.5,0.0
2012-11-09,0.0652,2,0.0,0.0
2012-11-12,-0.1542,5,0.0,0.2
2012-11-13,-0.1249,2,0.0,0.0
2012-11-14,0.0598,4,0.0,0.0
2012-11-15,0.0909,1,0.0,0.0
2012-11-16,0.0582,3,0.0,0.0
2012-11-19,0.0398,2,0.0,0.0
2012-11-20,-0.1326,3,0.0,0.333
2012-11-21,0.0227,3,0.0,0.0
2012-11-23,-0.195,3,0.0,0.333
2012-11-26,0.7503,1,1.0,0.0
2012-11-27,0.2386,5,0.2,0.0
2012-11-28,-0.2388,1,0.0,0.0
2012-11-29,0.0527,4,0.25,0.25
2012-11-30,0.0285,5,0.0,0.0
2012-12-03,-0.1782,2,0.0,0.5
2012-12-04,-0.2047,5,0.0,0.2
2012-12-05,0.064,5,0.0,0.0
2012-12-06,0.1156,5,0.0,0.0
2012-12-07,-0.3062,4,0.0,0.25
2012-12-10,0.0548,1,0.0,0.0
2012-12-11,0.0407,5,0.0,0.0
2012-12-12,-0.0292,4,0.25,0.25
2012-12-13,-0.0023,1,0.0,0.0
2012-12-14,0.0612,2,0.0,0.0
2012-12-17,-0.8788,1,0.0,1.0
2012-12-18,0.0259,6,0.167,0.0
2012-12-19,-0.3696,2,0.0,0.5
2012-12-20,-0.2098,4,0.0,0.25
2012-12-21,-0.2078,4,0.0,0.25
2012-12-24,-0.062,1,0.0,0.0
2012-12-26,0.028,1,0.0,0.0
2012-12-27,0.1272,3,0.333,0.0
2012-12-28,-0.2413,3,0.0,0.333
2013-01-02,0.1927,4,0.25,0.0
2013-01-03,0.0543,2,0.0,0.0
2013-01-04,-0.0618,1,0.0,0.0
2013-01-07,0.1026,2,0.0,0.0
2013-01-08,-0.061,3,0.0,0.0
2013-01-09,-0.1866,3,0.0,0.333
2013-01-10,-0.2594,3,0.0,0.333
2013-01-11,0.071,2,0.0,0.0
2013-01-14,-0.1166,1,0.0,0.0
2013-01-15,0.0383,4,0.25,0.0
2013-01-16,-0.3308,4,0.0,0.5
2013-01-17,0.0889,5,0.2,0.4
2013-01-18,-0.0426,2,0.0,0.0
2013-01-22,0.2276,4,0.25,0.0
2013-01-23,-0.2385,4,0.25,0.5
2013-01-24,-0.9122,1,0.0,1.0
2013-01-25,-0.0603,6,0.167,0.167
2013-01-28,0.5738,2,1.0,0.0
2013-01-29,-0.211,4,0.0,0.25
2013-01-30,0.0348,1,0.0,0.0
2013-01-31,0.0468,3,0.333,0.333
2013-02-01,0.2212,4,0.25,0.0
2013-02-04,-0.014,3,0.0,0.0
2013-02-05,-0.4574,2,0.0,0.5
2013-02-06,-0.2614,2,0.0,0.5
2013-02-07,-0.2006,5,0.0,0.4
2013-02-08,0.0314,3,0.0,0.0
2013-02-11,-0.0408,1,0.0,0.0
2013-02-12,-0.0395,4,0.0,0.0
2013-02-13,0.187,2,0.5,0.0
2013-02-14,-0.1908,2,0.0,0.0
2013-02-15,0.0918,5,0.0,0.0
2013-02-19,-0.4715,2,0.0,0.5
2013-02-20,0.0794,3,0.333,0.0
2013-02-21,0.06,3,0.0,0.0
2013-02-22,-0.3304,2,0.0,0.5
2013-02-25,-0.9004,1,0.0,1.0
2013-02-26,-0.051,3,0.0,0.333
2013-02-27,0.0591,2,0.0,0.0
2013-02-28,-0.3818,4,0.0,0.5
2013-03-01,0.0706,7,0.143,0.143
2013-03-04,-0.4766,3,0.0,0.667
2013-03-05,0.0998,2,0.0,0.0
2013-03-06,0.0455,3,0.0,0.0
2013-03-07,0.0556,3,0.0,0.0
2013-03-08,0.4492,2,0.5,0.0
2013-03-11,0.0056,1,0.0,0.0
2013-03-12,0.0224,4,0.0,0.0
2013-03-13,-0.0366,3,0.0,0.0
2013-03-14,-0.2308,3,0.0,0.333
2013-03-15,0.0303,1,0.0,0.0
2013-03-18,0.0212,3,0.0,0.0
2013-03-19,0.0327,3,0.0,0.0
2013-03-20,-0.3755,2,0.0,0.5
2013-03-21,0.0933,4,0.0,0.0
2013-03-22,-0.0596,7,0.0,0.143
2013-03-25,0.0278,2,0.0,0.0
2013-03-26,0.9266,1,1.0,0.0
2013-03-28,-0.3087,4,0.0,0.5
2013-04-01,0.0475,4,0.25,0.0
2013-04-02,0.364,2,0.5,0.0
2013-04-03,-0.3176,3,0.0,0.333
2013-04-04,0.2241,4,0.25,0.0
2013-04-05,-0.0533,1,0.0,0.0
2013-04-08,-0.5149,4,0.0,0.5
2013-04-09,-0.3793,2,0.0,0.5
2013-04-10,0.0517,4,0.0,0.0
2013-04-11,-0.0403,2,0.0,0.0
2013-04-12,-0.2997,5,0.0,0.4
2013-04-15,-0.2297,4,0.0,0.25
2013-04-16,0.0632,3,0.0,0.0
2013-04-17,-0.0014,3,0.0,0.0
2013-04-18,0.0423,2,0.0,0.0
2013-04-19,0.0553,5,0.0,0.0
2013-04-22,0.0588,1,0.0,0.0
2013-04-23,-0.3887,6,0.0,0.5
2013-04-24,-0.1384,3,0.0,0.0
2013-04-25,0.1767,5,0.2,0.0
2013-04-26,0.0583,4,0.0,0.0
2013-04-29,0.3992,4,0.5,0.0
2013-04-30,0.0417,2,0.0,0.0
2013-05-01,-0.2477,4,0.0,0.25
2013-05-02,0.2796,2,0.5,0.0
2013-05-03,-0.0201,3,0.333,0.333
2013-05-07,0.51,2,0.5,0.5
2013-05-08,-0.1216,2,0.0,0.0
2013-05-09,-0.2782,3,0.0,0.333
2013-05-10,0.2147,2,0.5,0.0
2013-05-13,-0.0754,3,0.333,0.0
2013-05-14,-0.0101,6,0.0,0.167
2013-05-15,0.1545,1,0.0,0.0
2013-05-16,-0.2754,3,0.0,0.333
2013-05-17,-0.1381,3,0.0,0.333
2013-05-20,0.04,4,0.0,0.0
2013-05-21,0.1955,2,0.0,0.0
2013-05-22,0.065,4,0.0,0.0
2013-05-23,0.047,2,0.0,0.0
2013-05-24,0.1288,4,0.0,0.0
2013-05-28,-0.0517,4,0.25,0.25
2013-05-29,0.1141,3,0.333,0.0
2013-05-30,-0.0002,5,0.0,0.2
2013-05-31,-0.8672,2,0.0,1.0
2013-06-04,-0.0086,6,0.0,0.0
2013-06-05,-0.238,4,0.0,0.25
2013-06-06,0.0737,6,0.167,0.0
2013-06-07,0.0416,1,0.0,0.0
2013-06-10,0.0422,1,0.0,0.0
2013-06-11,-0.0222,3,0.0,0.0
2013-06-12,0.5688,3,0.667,0.0
2013-06-13,-0.2187,3,0.0,0.333
2013-06-14,-0.014,4,0.0,0.0
2013-06-17,-0.506,1,0.0,1.0
2013-06-18,0.0576,3,0.333,0.333
2013-06-19,-0.1219,3,0.333,0.333
2013-06-20,0.0158,4,0.0,0.0
2013-06-21,-0.6451,2,0.0,1.0
2013-06-24,0.1476,3,0.333,0.0
2013-06-25,0.1997,4,0.25,0.0
2013-06-26,-0.0247,4,0.0,0.25
2013-06-27,0.0428,2,0.0,0.0
2013-06-28,0.0341,3,0.0,0.0
2013-07-01,-0.7229,1,0.0,1.0
2013-07-02,0.0841,1,0.0,0.0
2013-07-03,-0.1925,5,0.0,0.2
2013-07-05,0.0322,2,0.0,0.0
2013-07-08,0.009,2,0.0,0.0
2013-07-09,-0.0485,3,0.0,0.0
2013-07-10,0.0699,4,0.25,0.25
2013-07-12,-0.3672,2,0.0,0.5
2013-07-15,0.0067,2,0.0,0.0
2013-07-16,-0.2733,6,0.0,0.167
2013-07-17,0.2834,5,0.4,0.0
2013-07-18,0.4587,2,0.5,0.0
2013-07-19,-0.0095,2,0.0,0.0
2013-07-22,0.2474,2,0.5,0.0
2013-07-23,0.1617,2,0.5,0.0
2013-07-24,0.066,4,0.25,0.0
2013-07-26,-0.1663,4,0.0,0.25
2013-07-29,-0.0648,3,0.0,0.333
2013-07-30,-0.6618,1,0.0,1.0
2013-07-31,-0.4543,2,0.0,0.5
2013-08-01,0.3837,3,0.333,0.0
2013-08-05,-0.7034,2,0.0,1.0
2013-08-06,0.0244,3,0.0,0.0
2013-08-07,0.2338,4,0.25,0.0
2013-08-08,-0.1421,7,0.143,0.286
2013-08-09,-0.0512,4,0.0,0.0
2013-08-12,-0.3447,4,0.25,0.5
2013-08-13,0.0602,2,0.0,0.0
2013-08-14,-0.0145,1,0.0,1.0
2013-08-15,0.0709,3,0.0,0.333
2013-08-16,0.1152,7,0.143,0.143
2013-08-19,-0.1631,3,0.0,0.333
2013-08-20,0.0463,2,0.0,0.0
2013-08-21,0.0653,3,0.0,0.0
2013-08-22,-0.0327,3,0.0,0.333
2013-08-23,0.0157,4,0.0,0.0
2013-08-26,0.0235,2,0.0,0.0
2013-08-27,-0.2032,2,0.5,0.5
2013-08-28,-0.4205,4,0.0,0.5
2013-08-29,0.2918,4,0.25,0.0
2013-08-30,-0.0493,4,0.0,0.0
2013-09-03,-0.0068,4,0.0,0.0
2013-09-04,0.1245,4,0.0,0.0
2013-09-05,0.012,2,0.0,0.0
2013-09-06,0.0142,5,0.0,0.0
2013-09-10,-0.2562,2,0.0,0.5
2013-09-11,-0.0542,4,0.0,0.0
2013-09-12,0.0706,2,0.0,0.0
2013-09-13,0.0276,2,0.0,0.0
2013-09-16,0.0753,2,0.0,0.0
2013-09-17,0.1753,6,0.167,0.0
2013-09-18,0.3633,4,0.5,0.0
2013-09-19,0.0575,5,0.0,0.0
2013-09-20,0.1397,4,0.25,0.25
2013-09-23,-0.0342,6,0.167,0.0
2013-09-24,-0.1704,4,0.25,0.5
2013-09-25,0.0794,2,0.0,0.0
2013-09-26,0.1509,1,0.0,0.0
2013-09-27,-0.0097,4,0.0,0.0
2013-09-30,0.1617,5,0.2,0.0
2013-10-01,0.1762,2,0.5,0.5
2013-10-02,0.0774,2,0.0,0.0
2013-10-03,-0.15,1,0.0,0.0
2013-10-04,0.0564,7,0.143,0.143
2013-10-07,-0.2126,3,0.0,0.333
2013-10-08,-0.0025,1,0.0,0.0
2013-10-09,-0.0373,3,0.0,0.333
2013-10-10,0.2781,5,0.4,0.0
2013-10-11,0.0051,6,0.0,0.0
2013-10-14,0.4048,1,0.0,0.0
2013-10-15,0.2483,5,0.2,0.0
2013-10-16,0.0127,3,0.0,0.0
2013-10-17,-0.1704,6,0.167,0.167
2013-10-18,-0.1152,3,0.0,0.0
2013-10-22,-0.2312,3,0.0,0.333
2013-10-23,0.0513,3,0.0,0.0
2013-10-24,-0.254,2,0.0,0.5
2013-10-25,-0.1179,5,0.0,0.2
2013-10-28,0.3256,6,0.333,0.0
2013-10-29,0.0586,4,0.0,0.25
2013-10-30,0.2433,4,0.25,0.0
2013-10-31,-0.0044,2,0.0,0.0
2013-11-01,-0.1062,2,0.0,0.0
2013-11-04,0.1158,2,0.0,0.0
2013-11-05,0.0332,4,0.0,0.0
2013-11-06,0.1704,4,0.25,0.0
2013-11-07,-0.1546,6,0.0,0.167
2013-11-08,0.0205,5,0.0,0.0
2013-11-11,0.1597,3,0.333,0.0
2013-11-12,-0.0094,4,0.0,0.0
2013-11-13,0.1058,5,0.2,0.0
2013-11-14,0.1314,4,0.0,0.0
2013-11-15,0.0273,2,0.0,0.0
2013-11-18,0.282,4,0.25,0.0
2013-11-19,-0.1368,4,0.0,0.25
2013-11-20,0.073,5,0.0,0.0
2013-11-21,-0.2487,3,0.333,0.333
2013-11-22,-0.1689,6,0.167,0.167
2013-11-25,0.0713,3,0.0,0.0
2013-11-26,-0.2203,5,0.0,0.2
2013-11-27,0.304,4,0.5,0.0
2013-12-02,0.163,2,0.0,0.0
2013-12-03,0.0064,1,0.0,0.0
2013-12-04,0.1078,2,0.0,0.0
2013-12-05,0.0462,1,0.0,0.0
2013-12-06,-0.0756,2,0.0,0.0
2013-12-09,0.1137,3,0.0,0.0
2013-12-10,-0.0271,3,0.0,0.0
2013-12-11,0.0269,4,0.0,0.0
2013-12-12,-0.1177,6,0.167,0.167
2013-12-13,-0.0097,6,0.0,0.0
2013-12-16,0.0862,2,0.0,0.0
2013-12-17,-0.2518,4,0.0,0.25
2013-12-18,-0.0424,3,0.0,0.333
2013-12-19,0.0917,3,0.0,0.0
2013-12-20,-0.095,2,0.0,0.5
2013-12-23,-0.2066,4,0.0,0.25
2013-12-24,0.0338,3,0.0,0.0
2013-12-30,-0.5867,2,0.0,0.5
2013-12-31,0.2592,6,0.5,0.0
2014-01-02,-0.2015,5,0.0,0.6
2014-01-03,0.1636,1,1.0,0.0
2014-01-06,-0.1458,5,0.0,0.2
2014-01-07,0.3138,6,0.333,0.0
2014-01-08,0.0446,2,0.0,0.0
2014-01-09,0.2237,3,0.667,0.0
2014-01-10,0.1358,5,0.2,0.0
2014-01-13,-0.332,3,0.0,0.333
2014-01-15,0.0112,3,0.0,0.0
2014-01-16,0.0225,2,0.0,0.0
2014-01-17,0.0017,6,0.0,0.0
2014-01-22,-0.0428,4,0.25,0.25
2014-01-23,-0.0555,4,0.0,0.0
2014-01-24,-0.1915,6,0.167,0.5
2014-01-27,0.0356,1,0.0,0.0
2014-01-28,0.029,3,0.0,0.0
2014-01-30,0.1247,4,0.25,0.0
2014-01-31,-0.6384,5,0.0,0.6
2014-02-03,-0.4821,5,0.0,0.6
2014-02-04,-0.1091,2,0.0,0.0
2014-02-05,0.0587,3,0.0,0.0
2014-02-06,0.1414,6,0.333,0.167
2014-02-07,0.0124,2,0.0,0.5
2014-02-11,-0.1077,6,0.0,0.333
2014-02-12,0.0285,5,0.0,0.0
2014-02-13,0.0326,4,0.0,0.0
2014-02-14,-0.085,2,0.0,0.5
2014-02-18,-0.0127,2,0.0,0.0
2014-02-19,0.314,2,0.5,0.0
2014-02-20,0.3128,3,0.333,0.0
2014-02-21,-0.7684,2,0.0,1.0
2014-02-24,-0.3965,3,0.0,0.333
2014-02-25,0.0262,3,0.0,0.0
2014-02-26,0.107,1,0.0,0.0
2014-02-27,0.4698,2,0.5,0.0
2014-02-28,-0.198,7,0.143,0.143
2014-03-03,0.0079,3,0.0,0.0
2014-03-04,-0.2167,4,0.0,0.25
2014-03-05,-0.6591,1,0.0,1.0
2014-03-06,-0.0821,5,0.2,0.4
2014-03-07,-0.4401,5,0.0,0.6
2014-03-10,-0.3761,5,0.0,0.4
2014-03-11,-0.1802,1,0.0,0.0
2014-03-12,-0.4768,2,0.0,0.5
2014-03-13,-0.2239,4,0.0,0.25
2014-03-14,-0.1446,5,0.0,0.2
2014-03-17,0.0837,3,0.333,0.0
2014-03-18,-0.1636,5,0.0,0.2
2014-03-19,0.187,3,0.0,0.0
2014-03-21,-0.1591,3,0.0,0.333
2014-03-24,-0.164,2,0.0,0.0
2014-03-25,0.5847,3,0.667,0.0
2014-03-26,0.0392,7,0.0,0.0
2014-03-27,0.0038,1,0.0,0.0
2014-03-28,-0.0455,3,0.0,0.0
2014-03-31,0.15,6,0.167,0.0
2014-04-01,0.1965,7,0.286,0.143
2014-04-02,0.0092,4,0.0,0.0
2014-04-03,-0.0109,3,0.333,0.333
2014-04-04,-0.5645,3,0.0,0.667
2014-04-07,-0.4604,2,0.0,0.5
2014-04-08,0.0339,1,0.0,0.0
2014-04-09,-0.2977,3,0.0,0.333
2014-04-10,-0.0023,1,0.0,0.0
2014-04-11,0.2815,2,0.5,0.0
2014-04-14,-0.1836,5,0.2,0.4
2014-04-15,-0.2917,5,0.0,0.4
2014-04-16,0.0456,1,0.0,0.0
2014-04-17,0.2317,6,0.333,0.0
2014-04-21,-0.1016,4,0.0,0.25
2014-04-22,-0.4724,1,0.0,1.0
2014-04-23,0.0458,3,0.0,0.0
2014-04-24,0.0914,3,0.0,0.0
2014-04-25,-0.0022,5,0.0,0.0
2014-04-28,0.0112,6,0.0,0.0
2014-04-29,0.014,1,0.0,0.0
2014-04-30,0.0882,3,0.0,0.0
2014-05-01,0.0117,1,0.0,0.0
2014-05-02,-0.0608,5,0.0,0.2
2014-05-05,-0.1299,4,0.0,0.25
2014-05-06,0.2463,1,0.0,0.0
2014-05-07,0.1821,6,0.167,0.0
2014-05-08,-0.0395,5,0.0,0.2
2014-05-09,0.0439,3,0.0,0.0
2014-05-12,0.0081,3,0.0,0.0
2014-05-13,0.401,4,0.25,0.0
2014-05-14,0.0175,4,0.0,0.0
2014-05-15,0.153,5,0.2,0.0
2014-05-19,-0.3645,5,0.0,0.4
2014-05-20,0.005,2,0.0,0.0
2014-05-21,0.1105,1,0.0,0.0
2014-05-22,-0.0549,3,0.0,0.0
2014-05-23,0.0206,6,0.0,0.167
2014-05-27,-0.1853,4,0.0,0.25
2014-05-28,0.0029,3,0.0,0.0
2014-05-29,-0.2062,6,0.0,0.167
2014-05-30,0.0276,3,0.0,0.0
2014-06-02,0.0577,6,0.167,0.167
2014-06-03,-0.2867,3,0.0,0.333
2014-06-04,0.1666,1,0.0,0.0
2014-06-05,-0.008,4,0.0,0.0
2014-06-06,0.0783,7,0.143,0.0
2014-06-09,-0.0389,3,0.0,0.0
2014-06-10,0.0017,4,0.0,0.0
2014-06-11,-0.4247,3,0.0,0.333
2014-06-12,0.0636,4,0.0,0.0
2014-06-13,-0.0196,3,0.0,0.0
2014-06-16,0.3472,4,0.5,0.0
2014-06-17,0.048,2,0.0,0.0
2014-06-18,-0.3398,5,0.0,0.4
2014-06-19,-0.3015,5,0.0,0.4
2014-06-20,0.0146,6,0.0,0.0
2014-06-23,-0.2223,2,0.0,0.0
2014-06-24,0.1079,4,0.0,0.0
2014-06-25,0.0497,3,0.0,0.0
2014-06-26,0.0179,2,0.0,0.0
2014-06-27,-0.4858,2,0.0,0.5
2014-06-30,0.5838,1,1.0,0.0
2014-07-01,-0.2464,4,0.0,0.5
2014-07-02,0.1032,5,0.2,0.0
2014-07-03,0.0786,5,0.2,0.0
2014-07-07,0.0198,1,0.0,0.0
2014-07-08,-0.2802,5,0.0,0.2
2014-07-09,0.2316,2,0.5,0.0
2014-07-10,-0.3445,3,0.333,0.333
2014-07-11,0.1077,2,0.0,0.0
2014-07-14,0.0209,5,0.0,0.0
2014-07-15,0.0614,8,0.125,0.125
2014-07-16,0.2921,4,0.25,0.0
2014-07-17,-0.0483,5,0.0,0.0
2014-07-18,-0.1107,1,0.0,0.0
2014-07-21,0.0528,5,0.0,0.0
2014-07-22,0.1067,5,0.0,0.0
2014-07-23,0.0125,1,0.0,0.0
2014-07-24,0.0041,1,0.0,0.0
2014-07-25,-0.2767,2,0.0,0.5
2014-07-28,0.1099,1,1.0,0.0
2014-07-29,-0.2686,3,0.0,0.333
2014-07-30,0.0071,2,0.0,0.0
2014-07-31,-0.4153,4,0.0,0.5
2014-08-01,-0.2984,5,0.0,0.4
2014-08-04,0.0171,1,0.0,0.0
2014-08-05,0.0485,6,0.167,0.0
2014-08-06,-0.184,1,0.0,0.0
2014-08-07,-0.0122,5,0.2,0.2
2014-08-08,0.0944,4,0.0,0.0
2014-08-11,0.557,2,0.5,0.0
2014-08-12,0.0488,2,0.0,0.0
2014-08-13,0.0561,5,0.2,0.2
2014-08-14,-0.0071,6,0.167,0.0
2014-08-15,-0.0028,3,0.0,0.0
2014-08-18,-0.0282,4,0.0,0.0
2014-08-19,0.0044,6,0.0,0.0
2014-08-20,-0.0224,3,0.0,0.0
2014-08-21,0.6445,2,1.0,0.0
2014-08-22,0.0066,3,0.0,0.0
2014-08-25,-0.0558,3,0.0,0.0
2014-08-26,0.0367,5,0.2,0.0
2014-08-28,-0.1761,5,0.2,0.4
2014-08-29,0.0306,4,0.25,0.0
2014-09-02,-0.2433,4,0.0,0.25
2014-09-03,-0.3468,3,0.0,0.333
2014-09-04,-0.0898,2,0.0,0.0
2014-09-05,0.0027,3,0.0,0.0
2014-09-08,0.1306,5,0.2,0.2
2014-09-09,-0.0259,5,0.0,0.2
2014-09-10,-0.5226,1,0.0,1.0
2014-09-11,0.1919,5,0.4,0.2
2014-09-12,-0.0078,4,0.0,0.0
2014-09-15,-0.0236,1,0.0,0.0
2014-09-16,0.0011,7,0.0,0.0
2014-09-17,0.0265,4,0.0,0.0
2014-09-18,0.0804,5,0.4,0.0
2014-09-19,0.0222,3,0.0,0.0
2014-09-23,0.0265,4,0.25,0.25
2014-09-24,-0.1064,1,0.0,0.0
2014-09-25,-0.4236,3,0.0,0.333
2014-09-26,-0.1569,3,0.0,0.333
2014-09-29,0.3064,2,0.5,0.0
2014-09-30,-0.2734,6,0.0,0.333
2014-10-01,0.2924,4,0.25,0.0
2014-10-02,-0.3366,6,0.0,0.333
2014-10-03,0.4759,2,0.5,0.0
2014-10-06,-0.3851,4,0.0,0.5
2014-10-07,-0.0809,3,0.0,0.0
2014-10-08,0.0156,3,0.0,0.0
2014-10-09,0.0888,5,0.0,0.0
2014-10-10,0.0044,3,0.0,0.0
2014-10-13,-0.2159,2,0.0,0.5
2014-10-14,0.0726,6,0.167,0.167
2014-10-15,-0.2756,8,0.125,0.625
2014-10-17,0.1853,1,0.0,0.0
2014-10-20,-0.0274,3,0.0,0.0
2014-10-21,0.0421,4,0.0,0.0
2014-10-22,0.0232,3,0.0,0.0
2014-10-23,-0.0431,7,0.143,0.143
2014-10-24,0.0381,2,0.0,0.0
2014-10-27,0.1702,3,0.333,0.333
2014-10-28,-0.5577,3,0.0,0.667
2014-10-29,0.0054,3,0.0,0.333
2014-10-30,0.4897,2,0.5,0.0
2014-10-31,0.1106,1,0.0,0.0
2014-11-03,-0.1024,3,0.0,0.333
2014-11-04,0.0021,2,0.0,0.0
2014-11-05,0.0011,4,0.0,0.0
2014-11-06,0.4441,3,0.333,0.0
2014-11-07,0.005,2,0.0,0.0
2014-11-10,-0.1723,4,0.0,0.25
2014-11-11,0.1945,3,0.333,0.0
2014-11-12,0.0058,3,0.0,0.0
2014-11-13,0.0444,7,0.0,0.0
2014-11-14,0.0161,4,0.0,0.0
2014-11-17,0.0786,1,0.0,0.0
2014-11-18,0.0611,3,0.0,0.0
2014-11-19,-0.4418,1,0.0,0.0
2014-11-20,0.102,8,0.125,0.0
2014-11-21,0.0383,3,0.0,0.0
2014-11-24,-0.201,3,0.0,0.333
2014-11-25,0.0508,1,0.0,0.0
2014-11-26,-0.0047,3,0.0,0.0
2014-11-28,-0.1313,4,0.0,0.25
2014-12-01,-0.0101,5,0.0,0.0
2014-12-02,0.0561,3,0.0,0.0
2014-12-03,-0.2956,6,0.0,0.5
2014-12-04,0.0731,4,0.0,0.0
2014-12-05,-0.2302,3,0.333,0.333
2014-12-08,-0.3264,2,0.0,0.0
2014-12-09,0.023,4,0.25,0.25
2014-12-10,0.0232,6,0.0,0.0
2014-12-11,0.084,5,0.2,0.0
2014-12-12,-0.2328,3,0.0,0.333
2014-12-15,0.0026,2,0.0,0.0
2014-12-16,-0.4727,2,0.0,0.5
2014-12-17,0.0515,3,0.0,0.0
2014-12-18,0.1899,5,0.2,0.0
2014-12-19,-0.1804,4,0.0,0.25
2014-12-22,0.0374,2,0.0,0.0
2014-12-23,-0.3679,5,0.0,0.6
2014-12-26,-0.2495,3,0.333,0.333
2014-12-29,0.7298,1,1.0,0.0
2014-12-30,-0.2708,3,0.0,0.333
2014-12-31,-0.142,7,0.143,0.429
2015-01-02,-0.1539,4,0.0,0.25
2015-01-05,0.0757,2,0.0,0.0
2015-01-06,0.1547,4,0.25,0.0
2015-01-07,0.5829,3,0.667,0.0
2015-01-08,-0.205,4,0.5,0.5
2015-01-09,-0.0202,3,0.0,0.333
2015-01-12,-0.0164,1,0.0,0.0
2015-01-13,-0.2511,9,0.0,0.222
2015-01-14,-0.1889,5,0.0,0.4
2015-01-15,0.0142,6,0.0,0.0
2015-01-16,-0.2269,3,0.0,0.333
2015-01-20,0.0211,5,0.0,0.0
2015-01-21,0.1185,2,0.5,0.0
2015-01-22,0.0879,2,0.0,0.0
2015-01-23,0.7974,1,1.0,0.0
2015-01-26,0.0185,1,0.0,0.0
2015-01-27,-0.2122,2,0.5,0.5
2015-01-28,0.0594,2,0.0,0.0
2015-01-29,0.2328,4,0.25,0.0
2015-01-30,-0.2503,4,0.0,0.25
2015-02-02,-0.4005,2,0.0,0.5
2015-02-03,0.2168,6,0.333,0.0
2015-02-04,-0.2194,5,0.0,0.4
2015-02-05,-0.0057,6,0.167,0.167
2015-02-06,-0.3181,5,0.0,0.4
2015-02-09,0.1878,2,0.0,0.0
2015-02-10,-0.2532,6,0.0,0.333
2015-02-11,0.1521,3,0.333,0.0
2015-02-12,0.038,2,0.0,0.0
2015-02-13,-0.072,6,0.0,0.333
2015-02-17,0.125,1,0.0,0.0
2015-02-18,-0.0228,5,0.0,0.0
2015-02-19,0.0985,5,0.0,0.0
2015-02-20,0.0559,2,0.0,0.0
2015-02-24,0.0038,4,0.0,0.0
2015-02-25,0.0095,6,0.167,0.0
2015-02-26,0.1654,2,0.0,0.0
2015-03-02,0.0199,1,0.0,0.0
2015-03-03,0.9224,1,1.0,0.0
2015-03-04,0.0722,3,0.0,0.0
2015-03-05,0.0961,1,0.0,0.0
2015-03-06,-0.7364,1,0.0,1.0
2015-03-09,-0.3406,2,0.0,0.5
2015-03-10,0.4431,4,0.5,0.0
2015-03-11,0.0064,3,0.0,0.0
2015-03-12,-0.0722,3,0.0,0.0
2015-03-13,-0.0577,3,0.0,0.0
2015-03-16,-0.0332,5,0.0,0.2
2015-03-17,0.1275,5,0.6,0.2
2015-03-18,-0.7598,1,0.0,1.0
2015-03-19,0.0923,6,0.167,0.0
2015-03-23,-0.1698,6,0.167,0.5
2015-03-24,-0.0126,4,0.0,0.0
2015-03-25,0.0262,2,0.0,0.0
2015-03-26,-0.168,2,0.0,0.5
2015-03-27,0.0872,4,0.0,0.0
2015-03-30,0.0349,3,0.0,0.0
2015-04-01,0.0337,4,0.0,0.0
2015-04-02,0.037,4,0.0,0.0
2015-04-06,0.0789,4,0.0,0.0
2015-04-07,-0.008,1,0.0,0.0
2015-04-08,0.3278,4,0.25,0.0
2015-04-09,0.2679,5,0.2,0.0
2015-04-13,-0.5659,1,0.0,1.0
2015-04-14,-0.1941,3,0.0,0.333
2015-04-15,0.3333,3,0.333,0.0
2015-04-16,-0.2069,4,0.0,0.25
2015-04-17,0.0657,3,0.0,0.333
2015-04-20,-0.7904,2,0.0,1.0
2015-04-21,-0.1202,5,0.2,0.2
2015-04-22,-0.0105,1,0.0,0.0
2015-04-23,-0.0079,3,0.0,0.0
2015-04-24,0.0915,8,0.25,0.0
2015-04-27,-0.2159,2,0.5,0.5
2015-04-28,0.3692,4,0.5,0.0
2015-04-29,-0.0378,4,0.0,0.25
2015-04-30,-0.2932,5,0.0,0.4
2015-05-01,0.1132,3,0.333,0.333
2015-05-04,-0.3768,2,0.0,0.5
2015-05-05,0.2736,2,0.0,0.0
2015-05-06,-0.0191,6,0.0,0.167
2015-05-07,0.0138,4,0.0,0.0
2015-05-08,-0.0866,2,0.0,0.0
2015-05-11,0.0405,2,0.0,0.0
2015-05-12,-0.1426,2,0.0,0.0
2015-05-13,-0.2755,3,0.0,0.333
2015-05-14,0.0602,6,0.167,0.0
2015-05-15,0.076,3,0.333,0.0
2015-05-18,0.055,3,0.0,0.0
2015-05-19,-0.2862,3,0.0,0.333
2015-05-20,-0.5449,3,0.0,0.667
2015-05-21,-0.2155,6,0.167,0.333
2015-05-22,-0.3848,4,0.0,0.5
2015-05-26,0.0806,3,0.333,0.0
2015-05-27,-0.1013,2,0.0,0.5
2015-05-28,0.0924,1,0.0,0.0
2015-05-29,-0.9477,2,0.0,1.0
2015-06-01,-0.1085,6,0.0,0.167
2015-06-02,-0.2639,4,0.0,0.5
2015-06-03,-0.2858,3,0.0,0.333
2015-06-04,-0.0151,2,0.0,0.0
2015-06-05,0.0053,4,0.0,0.0
2015-06-08,-0.3677,2,0.0,0.5
2015-06-09,-0.2661,5,0.0,0.4
2015-06-10,-0.1089,4,0.0,0.25
2015-06-11,-0.3239,4,0.0,0.5
2015-06-12,-0.2504,2,0.0,0.5
2015-06-15,0.3002,2,0.5,0.0
2015-06-16,-0.1783,6,0.0,0.667
2015-06-17,0.4375,2,0.5,0.0
2015-06-18,0.0802,3,0.0,0.0
2015-06-19,0.2064,5,0.2,0.0
2015-06-22,-0.0089,3,0.0,0.0
2015-06-23,0.3103,4,0.25,0.0
2015-06-24,0.035,8,0.0,0.0
2015-06-25,0.1606,3,0.333,0.0
2015-06-26,-0.1548,3,0.0,0.333
2015-06-29,0.0043,3,0.0,0.0
2015-06-30,-0.2934,3,0.0,0.333
2015-07-01,-0.0631,6,0.0,0.0
2015-07-02,0.2645,3,0.667,0.333
2015-07-06,0.2947,3,0.333,0.0
2015-07-07,-0.4487,2,0.0,0.5
2015-07-08,-0.4483,2,0.0,0.5
2015-07-09,0.4636,2,0.5,0.0
2015-07-10,0.0768,6,0.5,0.333
2015-07-13,0.064,3,0.333,0.0
2015-07-14,0.2252,3,0.333,0.0
2015-07-15,0.0289,3,0.333,0.0
2015-07-16,0.5065,2,0.5,0.0
2015-07-17,0.3658,2,0.5,0.0
2015-07-20,-0.1533,3,0.0,0.333
2015-07-21,-0.2992,2,0.5,0.5
2015-07-22,-0.0137,4,0.0,0.0
2015-07-23,-0.0022,2,0.0,0.0
2015-07-24,-0.3075,4,0.0,0.25
2015-07-27,0.002,2,0.0,0.0
2015-07-28,-0.2088,3,0.0,0.333
2015-07-29,0.037,5,0.2,0.2
2015-07-30,0.0787,3,0.0,0.0
2015-07-31,-0.3461,5,0.0,0.6
2015-08-03,-0.5282,2,0.0,0.5
2015-08-04,-0.8418,3,0.0,1.0
2015-08-05,-0.1049,5,0.0,0.2
2015-08-06,0.0022,1,0.0,0.0
2015-08-07,-0.6089,3,0.0,0.667
2015-08-10,-0.0666,3,0.0,0.0
2015-08-11,0.212,4,0.25,0.0
2015-08-12,-0.2221,4,0.25,0.25
2015-08-13,0.02,4,0.25,0.0
2015-08-14,-0.1854,5,0.0,0.2
2015-08-17,-0.2219,1,0.0,0.0
2015-08-19,-0.1798,2,0.0,0.0
2015-08-20,-0.4525,2,0.0,0.5
2015-08-21,-0.6859,3,0.0,0.667
2015-08-24,-0.2316,8,0.0,0.375
2015-08-25,-0.3734,7,0.0,0.429
2015-08-26,0.0553,5,0.2,0.2
2015-08-28,-0.0012,4,0.0,0.0
2015-08-31,-0.4153,3,0.0,0.333
2015-09-01,-0.2755,3,0.0,0.333
2015-09-02,-0.0644,2,0.0,0.0
2015-09-03,-0.0973,3,0.0,0.333
2015-09-04,-0.4899,3,0.333,0.667
2015-09-08,0.0945,4,0.0,0.0
2015-09-09,-0.2594,3,0.0,0.333
2015-09-10,-0.3258,1,0.0,1.0
2015-09-11,-0.1213,3,0.0,0.333
2015-09-14,0.1969,3,0.333,0.0
2015-09-15,0.2392,5,0.4,0.0
2015-09-16,0.4901,2,1.0,0.0
2015-09-17,0.1251,3,0.0,0.0
2015-09-18,0.011,2,0.0,0.0
2015-09-21,0.079,5,0.0,0.0
2015-09-22,-0.4102,2,0.0,0.5
2015-09-23,-0.1651,4,0.25,0.25
2015-09-24,0.1792,4,0.25,0.0
2015-09-25,-0.6913,4,0.0,0.75
2015-09-29,-0.3727,3,0.0,0.667
2015-09-30,-0.9612,1,0.0,1.0
2015-10-01,-0.0286,4,0.0,0.0
2015-10-02,-0.4073,2,0.0,0.5
2015-10-05,-0.9565,1,0.0,1.0
2015-10-06,-0.1955,7,0.143,0.286
2015-10-07,0.0263,4,0.0,0.0
2015-10-08,0.2174,4,0.25,0.0
2015-10-09,-0.008,1,0.0,0.0
2015-10-12,-0.0421,3,0.0,0.0
2015-10-13,0.0653,3,0.0,0.0
2015-10-14,0.0731,6,0.0,0.0
2015-10-15,0.0281,3,0.333,0.0
2015-10-16,-0.2123,4,0.0,0.25
2015-10-19,-0.0576,3,0.0,0.0
2015-10-20,0.0518,4,0.0,0.0
2015-10-21,-0.0534,3,0.0,0.0
2015-10-22,-0.154,3,0.0,0.333
2015-10-23,-0.1156,4,0.25,0.25
2015-10-26,-0.316,4,0.0,0.25
2015-10-27,0.1053,4,0.25,0.0
2015-10-28,-0.3292,3,0.0,0.333
2015-10-29,-0.0703,4,0.25,0.25
2015-10-30,0.0339,2,0.0,0.0
2015-11-02,-0.0628,2,0.0,0.0
2015-11-03,-0.6527,4,0.0,0.75
2015-11-04,-0.0475,4,0.25,0.25
2015-11-05,-0.5648,2,0.0,1.0
2015-11-06,0.0424,4,0.0,0.0
2015-11-09,-0.4029,3,0.0,0.333
2015-11-10,0.0821,2,0.0,0.0
2015-11-11,-0.2124,4,0.0,0.25
2015-11-12,0.0807,1,0.0,0.0
2015-11-13,-0.0239,1,0.0,0.0
2015-11-16,-0.2795,5,0.0,0.4
2015-11-17,-0.4613,2,0.0,0.5
2015-11-18,-0.1339,7,0.0,0.143
2015-11-19,-0.1775,2,0.0,0.5
2015-11-20,-0.3969,4,0.0,0.5
2015-11-23,-0.9636,1,0.0,1.0
2015-11-24,-0.2282,4,0.0,0.25
2015-11-25,-0.0136,7,0.143,0.143
2015-11-27,-0.1429,2,0.0,0.0
2015-11-30,0.1268,2,0.0,0.0
2015-12-01,0.2064,3,0.667,0.333
2015-12-02,0.2731,4,0.25,0.0
2015-12-03,0.0457,1,0.0,0.0
2015-12-04,0.2382,3,0.333,0.0
2015-12-07,0.1867,1,0.0,0.0
2015-12-08,-0.0587,5,0.0,0.2
2015-12-09,-0.0502,3,0.0,0.0
2015-12-10,-0.3928,3,0.0,0.333
2015-12-11,-0.3415,7,0.0,0.429
2015-12-14,-0.7938,2,0.0,1.0
2015-12-15,0.0556,6,0.167,0.167
2015-12-16,-0.1378,3,0.0,0.333
2015-12-17,-0.2016,5,0.2,0.2
2015-12-18,-0.1224,6,0.0,0.167
2015-12-21,-0.2424,1,0.0,1.0
2015-12-22,-0.9344,1,0.0,1.0
2015-12-23,0.172,4,0.25,0.0
2015-12-24,0.4434,3,0.667,0.0
2015-12-28,-0.275,1,0.0,0.0
2015-12-30,-0.0459,2,0.0,0.0
2015-12-31,-0.2912,8,0.0,0.375
2016-01-04,-0.4947,2,0.0,0.5
2016-01-05,-0.2447,4,0.0,0.5
2016-01-06,0.107,3,0.0,0.0
2016-01-07,-0.248,4,0.0,0.25
2016-01-08,-0.5099,5,0.0,0.6
2016-01-11,-0.3296,3,0.0,0.333
2016-01-12,-0.2615,3,0.333,0.667
2016-01-13,0.1902,5,0.0,0.0
2016-01-14,0.0211,7,0.0,0.0
2016-01-15,0.1453,3,0.0,0.0
2016-01-19,-0.0956,1,0.0,0.0
2016-01-20,-0.085,7,0.143,0.286
2016-01-21,-0.4327,6,0.0,0.5
2016-01-22,-0.1295,4,0.0,0.5
2016-01-25,-0.255,4,0.0,0.25
2016-01-26,0.0071,1,0.0,0.0
2016-01-27,-0.1431,4,0.0,0.25
2016-01-28,-0.0159,1,0.0,0.0
2016-01-29,0.0202,6,0.167,0.167
2016-02-01,-0.8035,1,0.0,1.0
2016-02-02,-0.2901,4,0.0,0.25
2016-02-03,-0.737,1,0.0,1.0
2016-02-04,-0.0159,1,0.0,0.0
2016-02-05,-0.4514,2,0.0,0.5
2016-02-08,0.1181,3,0.0,0.0
2016-02-09,-0.0048,4,0.0,0.0
2016-02-10,-0.318,4,0.0,0.5
2016-02-11,-0.3346,6,0.0,0.333
2016-02-12,-0.2768,4,0.0,0.25
2016-02-16,-0.8258,2,0.0,1.0
2016-02-17,0.0429,6,0.333,0.333
2016-02-19,0.0487,1,0.0,0.0
2016-02-22,0.1146,4,0.25,0.0
2016-02-23,-0.2674,3,0.0,0.333
2016-02-24,-0.395,4,0.0,0.5
2016-02-25,0.7874,1,1.0,0.0
2016-02-26,-0.1596,3,0.0,0.333
2016-02-29,0.0059,3,0.0,0.0
2016-03-01,-0.139,5,0.0,0.2
2016-03-02,-0.0019,4,0.0,0.0
2016-03-03,-0.2653,3,0.0,0.333
2016-03-04,-0.3377,3,0.0,0.333
2016-03-07,-0.0091,4,0.0,0.0
2016-03-08,-0.378,4,0.0,0.5
2016-03-09,0.2686,4,0.25,0.0
2016-03-10,-0.1177,3,0.333,0.333
2016-03-11,-0.0687,1,0.0,0.0
2016-03-14,0.0164,4,0.0,0.0
2016-03-15,0.0185,2,0.0,0.0
2016-03-16,0.3361,2,0.5,0.0
2016-03-17,0.157,1,0.0,0.0
2016-03-18,-0.9632,1,0.0,1.0
2016-03-22,0.4012,2,0.5,0.0
2016-03-23,-0.4716,5,0.0,0.6
2016-03-24,-0.4093,6,0.0,0.5
2016-03-28,-0.1158,4,0.0,0.25
2016-03-29,-0.4342,2,0.0,0.5
2016-03-30,0.045,4,0.0,0.0
2016-03-31,-0.1163,9,0.111,0.222
2016-04-01,-0.4704,2,0.0,0.5
2016-04-04,0.8152,1,1.0,0.0
2016-04-05,-0.4401,5,0.0,0.4
2016-04-06,0.2532,3,0.333,0.0
2016-04-07,-0.0434,3,0.333,0.333
2016-04-08,0.4846,2,0.5,0.0
2016-04-11,-0.0151,4,0.5,0.25
2016-04-12,0.7235,1,1.0,0.0
2016-04-13,0.0353,7,0.286,0.286
2016-04-14,-0.2132,3,0.0,0.333
2016-04-15,-0.6743,4,0.0,0.75
2016-04-18,0.5594,3,0.667,0.0
2016-04-19,0.1082,7,0.286,0.286
2016-04-20,-0.0315,1,0.0,0.0
2016-04-21,0.2612,5,0.6,0.0
2016-04-22,-0.1791,3,0.333,0.333
2016-04-25,-0.0789,1,0.0,0.0
2016-04-26,-0.0928,3,0.333,0.333
2016-04-27,0.0465,2,0.0,0.0
2016-04-29,-0.161,2,0.0,0.5
2016-05-02,-0.7158,2,0.0,1.0
2016-05-03,-0.9416,2,0.0,1.0
2016-05-04,-0.3714,4,0.0,0.5
2016-05-05,-0.1854,4,0.25,0.25
2016-05-06,-0.5773,3,0.0,0.667
2016-05-09,0.0797,1,0.0,0.0
2016-05-10,-0.4519,3,0.0,0.667
2016-05-11,0.0153,1,0.0,0.0
2016-05-12,-0.2559,3,0.0,0.333
2016-05-13,-0.2406,5,0.0,0.4
2016-05-16,0.039,3,0.0,0.0
2016-05-17,-0.1635,3,0.0,0.333
2016-05-18,-0.2144,5,0.0,0.2
2016-05-19,0.1357,1,0.0,0.0
2016-05-20,0.0522,4,0.25,0.0
2016-05-23,-0.2186,5,0.2,0.2
2016-05-24,0.0643,1,0.0,0.0
2016-05-25,0.0067,7,0.143,0.143
2016-05-26,-0.1382,2,0.0,0.5
2016-05-27,0.1395,1,0.0,0.0
2016-05-31,0.0564,2,0.0,0.0
2016-06-01,-0.7188,4,0.0,0.75
2016-06-02,-0.1163,6,0.0,0.333
2016-06-03,-0.9158,2,0.0,1.0
2016-06-07,0.0091,2,0.0,0.0
2016-06-08,0.4357,2,0.5,0.0
2016-06-09,-0.9394,2,0.0,1.0
2016-06-10,-0.0155,2,0.0,0.0
2016-06-13,-0.1664,5,0.2,0.2
2016-06-14,0.307,3,0.333,0.0
2016-06-15,0.0388,2,0.0,0.0
2016-06-16,-0.007,5,0.0,0.2
2016-06-17,-0.2985,4,0.0,0.5
2016-06-20,-0.1133,2,0.0,0.0
2016-06-21,-0.0424,3,0.0,0.0
2016-06-22,-0.1065,8,0.375,0.375
2016-06-23,-0.0559,3,0.0,0.0
2016-06-24,-0.437,6,0.0,0.5
2016-06-27,-0.2704,4,0.25,0.5
2016-06-28,0.0261,1,0.0,0.0
2016-06-29,0.3719,6,0.333,0.0
2016-06-30,0.0984,4,0.0,0.0
2016-07-01,-0.8509,1,0.0,1.0
2016-07-05,0.0227,3,0.0,0.0
2016-07-06,0.1313,4,0.0,0.0
2016-07-07,-0.3066,5,0.0,0.4
2016-07-08,0.2909,3,0.333,0.0
2016-07-11,0.0942,6,0.333,0.0
2016-07-12,0.424,4,0.5,0.0
2016-07-13,0.2731,3,0.333,0.0
2016-07-14,0.3572,5,0.4,0.0
2016-07-15,0.0005,2,0.0,0.0
2016-07-18,0.0175,2,0.0,0.0
2016-07-19,-0.0148,5,0.2,0.2
2016-07-20,-0.1156,4,0.0,0.25
2016-07-21,0.4268,2,0.5,0.0
2016-07-22,0.0488,4,0.25,0.25
2016-07-25,0.0646,1,0.0,0.0
2016-07-26,0.0147,4,0.0,0.0
2016-07-27,-0.2145,5,0.0,0.2
2016-07-28,0.0304,7,0.143,0.143
2016-07-29,-0.1774,3,0.333,0.333
2016-08-01,0.3209,3,0.333,0.0
2016-08-02,0.1059,2,0.5,0.5
2016-08-03,0.0421,5,0.2,0.2
2016-08-04,-0.2121,3,0.0,0.333
2016-08-05,0.312,2,0.5,0.0
2016-08-08,-0.229,4,0.0,0.5
2016-08-09,-0.261,5,0.0,0.4
2016-08-11,0.1226,6,0.167,0.167
2016-08-12,-0.4738,2,0.0,0.5
2016-08-15,-0.4434,2,0.0,0.5
2016-08-16,0.0387,4,0.0,0.0
2016-08-17,0.0209,6,0.0,0.0
2016-08-19,0.0856,7,0.143,0.143
2016-08-22,-0.0144,4,0.0,0.0
2016-08-29,0.049,1,0.0,0.0
2016-08-30,0.0334,3,0.0,0.0
2016-08-31,-0.2276,3,0.0,0.333
2016-09-01,0.0539,1,0.0,0.0
2016-09-02,-0.0581,3,0.0,0.333
2016-09-06,-0.3346,3,0.0,0.333
2016-09-07,0.0907,7,0.143,0.143
2016-09-08,-0.4293,2,0.0,0.5
2016-09-09,-0.2252,3,0.333,0.333
2016-09-12,0.2322,3,0.333,0.0
2016-09-13,-0.4269,2,0.0,0.5
2016-09-14,-0.1877,5,0.2,0.4
2016-09-15,-0.1672,1,0.0,0.0
2016-09-16,0.4112,2,0.5,0.0
2016-09-19,0.1282,6,0.167,0.0
2016-09-20,-0.0414,1,0.0,0.0
2016-09-21,0.1015,4,0.0,0.0
2016-09-22,0.0655,1,0.0,0.0
2016-09-23,-0.041,4,0.25,0.25
2016-09-26,-0.8782,1,0.0,1.0
2016-09-28,-0.5317,4,0.0,0.5
2016-09-29,-0.1579,4,0.0,0.25
2016-09-30,0.0558,4,0.25,0.0
2016-10-03,-0.1046,5,0.0,0.2
2016-10-04,-0.2804,4,0.25,0.25
2016-10-06,-0.1007,4,0.0,0.25
2016-10-07,-0.4912,1,0.0,1.0
2016-10-10,-0.1377,1,0.0,0.0
2016-10-11,-0.0801,5,0.0,0.2
2016-10-12,0.4639,1,1.0,0.0
2016-10-13,0.0198,2,0.0,0.0
2016-10-14,-0.3383,3,0.0,0.333
2016-10-17,0.0868,1,0.0,0.0
2016-10-18,-0.2167,2,0.0,0.5
2016-10-19,-0.0553,3,0.0,0.0
2016-10-20,-0.0228,7,0.143,0.286
2016-10-21,-0.3091,4,0.0,0.5
2016-10-24,0.0323,3,0.0,0.0
2016-10-25,0.0226,1,0.0,0.0
2016-10-26,-0.1917,5,0.2,0.2
2016-10-27,0.0175,3,0.0,0.0
2016-10-28,0.0873,3,0.0,0.0
2016-10-31,0.0504,3,0.0,0.0
2016-11-01,0.117,3,0.0,0.0
2016-11-02,-0.0237,2,0.0,0.0
2016-11-03,0.1475,3,0.333,0.0
2016-11-04,-0.6386,7,0.0,0.714
2016-11-07,-0.0547,3,0.0,0.0
2016-11-08,-0.1546,3,0.0,0.0
2016-11-09,-0.1869,9,0.444,0.333
2016-11-10,-0.1394,2,0.0,0.0
2016-11-11,-0.314,4,0.0,0.5
2016-11-14,-0.0422,2,0.0,0.5
2016-11-15,0.0667,2,0.0,0.0
2016-11-16,-0.4925,2,0.0,0.5
2016-11-17,0.1275,3,0.0,0.0
2016-11-18,-0.0077,2,0.0,0.0
2016-11-21,0.0489,3,0.333,0.333
2016-11-22,0.2625,4,0.25,0.0
2016-11-23,-0.0299,6,0.167,0.167
2016-11-25,-0.0968,1,0.0,0.0
2016-11-28,0.0382,4,0.0,0.0
2016-11-29,-0.9357,1,0.0,1.0
2016-11-30,-0.1759,5,0.0,0.2
2016-12-01,0.275,3,0.333,0.0
2016-12-02,0.0359,4,0.0,0.0
2016-12-05,-0.1131,5,0.4,0.4
2016-12-06,-0.4465,3,0.333,0.667
2016-12-07,0.212,4,0.25,0.0
2016-12-08,0.0604,3,0.0,0.0
2016-12-09,-0.0775,2,0.0,0.0
2016-12-12,-0.0626,2,0.0,0.0
2016-12-13,0.0238,4,0.0,0.0
2016-12-14,0.0708,5,0.0,0.0
2016-12-15,-0.4996,2,0.0,0.5
2016-12-16,-0.1522,4,0.0,0.25
2016-12-19,0.1357,4,0.25,0.0
2016-12-20,-0.9597,1,0.0,1.0
2016-12-21,0.3197,3,0.333,0.0
2016-12-22,0.0414,3,0.0,0.0
2016-12-23,0.0207,2,0.0,0.0
2016-12-27,-0.2147,3,0.0,0.333
2016-12-28,-0.1919,2,0.0,0.5
2016-12-29,-0.0473,1,0.0,0.0
2016-12-30,0.3506,6,0.667,0.0
2017-01-03,-0.1382,4,0.5,0.25
2017-01-04,0.1682,5,0.2,0.0
2017-01-05,0.1541,2,0.5,0.0
2017-01-06,0.7075,1,1.0,0.0
2017-01-10,0.0831,1,0.0,0.0
2017-01-11,-0.1576,5,0.0,0.2
2017-01-12,-0.0032,1,0.0,0.0
2017-01-13,-0.0093,1,0.0,0.0
2017-01-17,0.0766,1,0.0,0.0
2017-01-18,0.1544,5,0.2,0.0
2017-01-19,0.4315,2,0.5,0.0
2017-01-20,0.1463,5,0.4,0.2
2017-01-23,-0.1599,3,0.0,0.333
2017-01-24,-0.5604,3,0.0,0.667
2017-01-25,0.1691,5,0.2,0.0
2017-01-26,-0.0406,4,0.25,0.0
2017-01-27,-0.0634,4,0.25,0.25
2017-01-31,-0.0533,3,0.0,0.0
2017-02-01,-0.3602,4,0.0,0.5
2017-02-03,-0.4173,2,0.0,0.5
2017-02-06,0.0182,2,0.0,0.0
2017-02-07,0.018,4,0.25,0.25
2017-02-08,-0.4449,2,0.0,0.5
2017-02-09,0.0846,4,0.0,0.0
2017-02-10,-0.0529,2,0.0,0.0
2017-02-13,-0.0133,2,0.0,0.0
2017-02-14,-0.064,1,0.0,0.0
2017-02-15,0.1858,2,0.5,0.0
2017-02-16,0.002,3,0.0,0.0
2017-02-17,0.2772,4,0.25,0.0
2017-02-21,0.1816,2,0.5,0.0
2017-02-22,0.0739,4,0.25,0.0
2017-02-23,0.0355,3,0.0,0.0
2017-02-24,0.0283,2,0.0,0.0
2017-02-27,-0.3959,3,0.0,0.667
2017-02-28,0.0385,2,0.0,0.0
2017-03-01,-0.1857,4,0.0,0.25
2017-03-03,-0.1038,2,0.5,0.5
2017-03-06,-0.2684,3,0.0,0.333
2017-03-07,-0.1608,4,0.0,0.25
2017-03-08,0.004,5,0.0,0.0
2017-03-09,-0.1309,4,0.0,0.0
2017-03-10,0.0312,2,0.0,0.0
2017-03-13,-0.035,5,0.2,0.2
2017-03-14,-0.7623,3,0.0,1.0
2017-03-16,-0.137,4,0.0,0.25
2017-03-17,-0.1403,3,0.0,0.333
2017-03-20,0.1125,4,0.25,0.0
2017-03-21,-0.671,3,0.0,0.667
2017-03-22,-0.7424,4,0.0,1.0
2017-03-23,0.0075,1,0.0,0.0
2017-03-24,-0.5714,2,0.0,0.5
2017-03-27,-0.1486,4,0.0,0.25
2017-03-28,-0.0842,1,0.0,1.0
2017-03-29,0.0165,7,0.143,0.143
2017-03-30,0.0119,1,0.0,0.0
2017-03-31,-0.7676,1,0.0,1.0
2017-04-03,-0.4386,3,0.0,0.667
2017-04-04,0.069,4,0.0,0.0
2017-04-05,-0.2111,7,0.0,0.286
2017-04-06,-0.3359,4,0.0,0.25
2017-04-07,-0.0509,3,0.333,0.333
2017-04-10,0.1362,3,0.333,0.0
2017-04-11,0.1547,2,0.5,0.0
2017-04-12,-0.1594,4,0.25,0.5
2017-04-13,0.0424,4,0.0,0.0
2017-04-17,0.0694,2,0.0,0.0
2017-04-18,-0.2214,4,0.0,0.25
2017-04-19,0.0261,2,0.0,0.0
2017-04-20,0.1423,3,0.0,0.0
2017-04-21,-0.3261,2,0.0,0.5
2017-04-24,0.4775,3,0.667,0.0
2017-04-25,-0.3593,3,0.0,0.667
2017-04-26,-0.0546,5,0.2,0.2
2017-04-27,-0.2398,1,0.0,0.0
2017-04-28,0.143,4,0.0,0.0
2017-05-02,-0.055,3,0.0,0.333
2017-05-03,-0.0222,6,0.0,0.0
2017-05-04,0.4243,2,0.5,0.0
2017-05-05,-0.0186,2,0.0,0.0
2017-05-08,0.0417,4,0.0,0.0
2017-05-09,0.1754,3,0.667,0.0
2017-05-10,-0.0737,4,0.0,0.25
2017-05-11,-0.275,1,0.0,0.0
2017-05-12,-0.0232,1,0.0,0.0
2017-05-15,-0.4278,4,0.0,0.5
2017-05-16,0.0069,4,0.25,0.25
2017-05-17,-0.2649,6,0.0,0.333
2017-05-18,-0.2967,3,0.0,0.333
2017-05-22,0.0144,4,0.25,0.25
2017-05-23,-0.0187,3,0.0,0.0
2017-05-24,0.0635,5,0.2,0.2
2017-05-30,0.2632,5,0.2,0.0
2017-05-31,-0.0531,3,0.0,0.0
2017-06-01,0.0582,3,0.333,0.0
2017-06-02,-0.5282,3,0.0,0.667
2017-06-05,-0.3717,3,0.0,0.333
2017-06-07,-0.204,4,0.0,0.25
2017-06-08,0.0369,2,0.0,0.0
2017-06-09,0.0134,1,0.0,0.0
2017-06-12,-0.1406,6,0.0,0.333
2017-06-13,-0.0108,7,0.0,0.143
2017-06-14,0.4619,1,0.0,0.0
2017-06-15,0.0029,3,0.0,0.0
2017-06-16,-0.1089,2,0.0,0.0
2017-06-19,0.115,2,0.0,0.0
2017-06-20,-0.0125,3,0.333,0.333
2017-06-21,0.028,5,0.0,0.0
2017-06-22,-0.0375,6,0.0,0.0
2017-06-23,-0.0913,4,0.0,0.25
2017-06-26,0.142,3,0.333,0.333
2017-06-27,0.3075,5,0.4,0.2
2017-06-28,-0.7676,1,0.0,1.0
2017-06-29,-0.216,4,0.0,0.25
2017-06-30,0.0226,1,0.0,0.0
2017-07-03,0.3664,2,0.5,0.0
2017-07-05,0.0829,6,0.333,0.333
2017-07-06,-0.1188,4,0.0,0.25
2017-07-07,0.1028,2,0.0,0.0
2017-07-10,-0.0907,5,0.0,0.0
2017-07-11,0.1477,2,0.5,0.0
2017-07-12,-0.2297,3,0.333,0.333
2017-07-13,0.0199,1,0.0,0.0
2017-07-14,-0.0614,2,0.0,0.0
2017-07-17,-0.1139,2,0.0,0.0
2017-07-18,-0.9602,1,0.0,1.0
2017-07-19,0.1635,2,0.0,0.0
2017-07-20,-0.1015,5,0.2,0.2
2017-07-24,-0.0257,1,0.0,0.0
2017-07-25,0.4273,1,0.0,0.0
2017-07-26,-0.0599,1,0.0,0.0
2017-07-27,0.1961,1,0.0,0.0
2017-07-28,0.0876,2,0.0,0.0
2017-07-31,0.007,3,0.0,0.0
2017-08-01,-0.3927,4,0.25,0.5
2017-08-02,-0.0442,2,0.0,0.0
2017-08-03,0.0893,2,0.5,0.0
2017-08-04,-0.0907,1,0.0,0.0
2017-08-07,-0.01,2,0.0,0.0
2017-08-08,-0.3254,5,0.2,0.6
2017-08-09,-0.0742,5,0.0,0.2
2017-08-10,0.0202,4,0.25,0.25
2017-08-14,0.0641,4,0.0,0.0
2017-08-16,0.3306,4,0.5,0.0
2017-08-17,-0.2091,5,0.0,0.2
2017-08-18,-0.4141,4,0.0,0.5
2017-08-21,0.2359,2,0.5,0.5
2017-08-22,-0.2647,4,0.0,0.25
2017-08-23,0.3074,3,0.333,0.0
2017-08-24,-0.3659,4,0.0,0.25
2017-08-28,-0.286,5,0.0,0.4
2017-08-30,0.0651,3,0.0,0.0
2017-08-31,-0.2425,4,0.0,0.25
2017-09-01,-0.9134,1,0.0,1.0
2017-09-05,-0.0564,1,0.0,0.0
2017-09-06,0.0311,6,0.0,0.0
2017-09-07,-0.0722,4,0.0,0.25
2017-09-08,0.048,5,0.0,0.0
2017-09-11,0.8847,1,1.0,0.0
2017-09-12,0.2579,3,0.333,0.0
2017-09-13,0.5431,1,1.0,0.0
2017-09-14,0.8332,1,1.0,0.0
2017-09-15,-0.4274,4,0.0,0.5
2017-09-18,-0.4311,1,0.0,1.0
2017-09-19,0.4941,2,1.0,0.0
2017-09-20,0.4835,2,1.0,0.0
2017-09-21,-0.8546,1,0.0,1.0
2017-09-22,-0.191,5,0.0,0.2
2017-09-25,-0.922,1,0.0,1.0
2017-09-26,-0.3445,4,0.0,0.5
2017-09-27,-0.1569,5,0.0,0.4
2017-09-28,0.8797,1,1.0,0.0
2017-09-29,0.383,4,0.5,0.0
2017-10-02,-0.5235,2,0.0,0.5
2017-10-03,0.1063,3,0.0,0.0
2017-10-04,-0.2713,1,0.0,0.0
2017-10-05,0.8641,1,1.0,0.0
2017-10-06,-0.0575,4,0.25,0.25
2017-10-09,0.1361,6,0.167,0.0
2017-10-10,-0.1593,2,0.5,0.5
2017-10-11,0.0577,6,0.0,0.0
2017-10-12,-0.0026,2,0.0,0.0
2017-10-13,-0.5124,5,0.0,0.4
2017-10-16,-0.2703,3,0.0,0.333
2017-10-17,0.1273,1,0.0,0.0
2017-10-18,0.5967,1,1.0,0.0
2017-10-19,-0.2028,2,0.0,0.5
2017-10-20,-0.0793,2,0.0,0.0
2017-10-23,-0.0085,6,0.0,0.333
2017-10-24,-0.3502,5,0.0,0.6
2017-10-25,0.0347,4,0.0,0.0
2017-10-27,0.1579,4,0.25,0.0
2017-10-30,-0.4641,2,0.0,0.5
2017-10-31,0.0428,3,0.333,0.333
2017-11-01,0.0119,2,0.0,0.0
2017-11-02,-0.118,2,0.0,0.0
2017-11-03,-0.4683,2,0.0,0.5
2017-11-06,0.1507,7,0.286,0.0
2017-11-07,-0.3428,3,0.0,0.333
2017-11-08,0.0007,4,0.0,0.0
2017-11-09,0.2116,6,0.333,0.0
2017-11-10,0.3949,1,0.0,0.0
2017-11-13,-0.3644,3,0.0,0.333
2017-11-14,-0.1245,5,0.0,0.2
2017-11-15,-0.1641,4,0.0,0.25
2017-11-16,0.2694,3,0.333,0.0
2017-11-20,-0.0111,3,0.0,0.0
2017-11-21,-0.1705,3,0.0,0.333
2017-11-22,-0.0248,2,0.0,0.0
2017-11-24,-0.0591,1,0.0,0.0
2017-11-29,0.5896,3,0.667,0.0
2017-11-30,0.1391,1,0.0,0.0
2017-12-04,0.0297,5,0.0,0.0
2017-12-05,0.0002,3,0.0,0.0
2017-12-06,-0.0414,1,0.0,0.0
2017-12-07,0.3412,4,0.25,0.0
2017-12-08,-0.0293,3,0.0,0.0
2017-12-11,-0.0429,4,0.0,0.0
2017-12-18,0.0618,2,0.0,0.0
2017-12-19,-0.0074,4,0.25,0.25
2017-12-20,-0.0303,4,0.0,0.0
2017-12-21,0.4306,4,0.5,0.0
2017-12-22,-0.2762,3,0.0,0.333
2017-12-26,0.2986,3,0.333,0.0
2017-12-27,0.6827,1,1.0,0.0
2017-12-28,-0.1641,6,0.167,0.333
2017-12-29,0.3104,3,0.333,0.333
2018-01-02,0.2976,9,0.556,0.111
2018-01-03,0.2845,6,0.167,0.333
2018-01-04,-0.116,2,0.0,0.0
2018-01-05,0.2084,2,0.5,0.5
2018-01-08,0.1964,5,0.2,0.0
2018-01-09,0.5065,3,0.667,0.0
2018-01-10,0.12,2,0.5,0.0
2018-01-12,-0.1262,2,0.0,0.0
2018-01-16,0.2037,4,0.25,0.0
2018-01-17,0.2518,3,0.333,0.0
2018-01-18,0.321,2,0.5,0.0
2018-01-19,0.011,3,0.0,0.0
2018-01-22,-0.0748,6,0.0,0.167
2018-01-23,0.2892,4,0.25,0.0
2018-01-24,0.0429,2,0.0,0.0
2018-01-25,0.0639,1,0.0,0.0
2018-01-26,0.1668,6,0.333,0.333
2018-01-29,0.0097,2,0.0,0.0
2018-01-30,-0.352,7,0.0,0.571
2018-01-31,-0.0074,3,0.0,0.0
2018-02-01,0.0297,5,0.0,0.0
2018-02-02,-0.2139,7,0.143,0.429
2018-02-05,-0.8574,4,0.0,1.0
2018-02-06,-0.1132,6,0.167,0.167
2018-02-07,-0.4047,4,0.0,0.5
2018-02-08,-0.3534,4,0.0,0.5
2018-02-09,-0.341,3,0.0,0.333
2018-02-12,-0.0885,6,0.167,0.167
2018-02-13,-0.1934,3,0.0,0.333
2018-02-14,0.8276,1,1.0,0.0
2018-02-15,0.5148,5,0.4,0.0
2018-02-16,-0.1686,4,0.0,0.25
2018-02-20,-0.5124,2,0.5,0.5
2018-02-21,-0.0645,1,0.0,0.0
2018-02-22,-0.305,3,0.0,0.333
2018-02-23,0.2007,2,0.5,0.5
2018-02-26,0.0824,2,0.0,0.0
2018-02-27,-0.5553,1,0.0,1.0
2018-02-28,-0.2761,5,0.2,0.4
2018-03-01,0.4127,4,0.5,0.0
2018-03-02,-0.6173,2,0.0,1.0
2018-03-05,0.012,2,0.0,0.0
2018-03-06,-0.1099,6,0.333,0.167
2018-03-07,-0.296,3,0.0,0.333
2018-03-08,-0.2394,3,0.0,0.333
2018-03-09,-0.0346,3,0.0,0.333
2018-03-12,-0.1938,5,0.2,0.2
2018-03-13,0.0173,3,0.0,0.0
2018-03-14,-0.2947,3,0.0,0.333
2018-03-15,-0.0489,2,0.0,0.0
2018-03-16,-0.2014,1,0.0,0.0
2018-03-19,-0.4149,2,0.0,0.5
2018-03-20,0.0437,3,0.0,0.0
2018-03-21,0.1069,3,0.0,0.0
2018-03-22,0.0652,2,0.0,0.0
2018-03-23,-0.6146,1,0.0,1.0
2018-03-26,-0.0239,3,0.333,0.333
2018-03-27,0.0585,2,0.0,0.0
2018-03-28,-0.618,3,0.0,0.667
2018-03-29,-0.0357,4,0.25,0.25
2018-04-02,-0.3713,4,0.0,0.5
2018-04-03,0.1315,6,0.333,0.167
2018-04-04,-0.0329,2,0.0,0.0
2018-04-05,0.6061,4,0.75,0.0
2018-04-06,-0.2216,2,0.0,0.5
2018-04-09,0.0736,3,0.0,0.333
2018-04-10,0.0972,7,0.143,0.143
2018-04-11,-0.3817,4,0.0,0.5
2018-04-12,0.0004,1,0.0,0.0
2018-04-13,0.185,3,0.333,0.0
2018-04-16,0.3075,6,0.5,0.0
2018-04-17,-0.0083,4,0.0,0.0
2018-04-18,0.0641,3,0.333,0.333
2018-04-19,-0.0094,2,0.0,0.0
2018-04-23,0.5065,2,0.5,0.0
2018-04-24,-0.1514,3,0.0,0.333
2018-04-25,-0.1522,5,0.0,0.2
2018-04-26,-0.3326,3,0.0,0.333
2018-04-27,-0.3013,3,0.0,0.333
2018-04-30,-0.1033,4,0.25,0.5
2018-05-01,0.0757,1,0.0,0.0
2018-05-02,-0.1194,2,0.0,0.5
2018-05-03,0.0018,4,0.25,0.25
2018-05-04,0.003,3,0.0,0.0
2018-05-07,-0.0131,3,0.0,0.0
2018-05-08,0.1485,1,0.0,0.0
2018-05-09,-0.1504,2,0.0,0.5
2018-05-10,-0.4852,2,0.0,0.5
2018-05-11,0.4283,2,0.5,0.0
2018-05-14,-0.0411,4,0.25,0.25
2018-05-15,-0.9354,1,0.0,1.0
2018-05-16,-0.0106,3,0.333,0.333
2018-05-17,-0.1772,4,0.0,0.25
2018-05-18,0.1684,2,0.0,0.0
2018-05-21,-0.076,4,0.25,0.25
2018-05-22,-0.0101,5,0.4,0.2
2018-05-23,0.0403,1,0.0,0.0
2018-05-24,-0.1108,2,0.0,0.0
2018-05-25,0.3564,2,0.5,0.0
2018-05-29,-0.1174,4,0.25,0.25
2018-05-30,0.4753,1,1.0,0.0
2018-05-31,-0.697,1,0.0,1.0
2018-06-01,0.2191,4,0.25,0.0
2018-06-04,0.1026,3,0.0,0.0
2018-06-05,0.1708,6,0.333,0.167
2018-06-06,0.0095,1,0.0,0.0
2018-06-07,0.4138,2,0.5,0.0
2018-06-08,0.3669,4,0.5,0.25
2018-06-11,0.0226,1,0.0,0.0
2018-06-12,-0.0449,3,0.333,0.333
2018-06-13,0.2145,4,0.25,0.0
2018-06-14,0.0313,3,0.0,0.0
2018-06-15,-0.3465,4,0.0,0.5
2018-06-18,-0.3543,3,0.0,0.333
2018-06-19,-0.2736,2,0.0,0.5
2018-06-20,0.0156,5,0.0,0.2
2018-06-21,-0.0227,1,0.0,0.0
2018-06-22,0.4221,2,0.5,0.0
2018-06-25,-0.0062,1,0.0,0.0
2018-06-26,0.6729,1,1.0,0.0
2018-06-27,-0.0196,3,0.0,0.0
2018-06-28,-0.4775,1,0.0,1.0
2018-07-02,0.2619,4,0.25,0.0
2018-07-03,-0.0398,3,0.333,0.333
2018-07-05,0.4057,2,0.5,0.0
2018-07-06,0.1429,6,0.333,0.167
2018-07-09,-0.0462,3,0.333,0.333
2018-07-10,-0.0167,7,0.286,0.286
2018-07-11,-0.185,2,0.5,0.5
2018-07-12,0.0233,2,0.0,0.0
2018-07-13,-0.4777,2,0.0,0.5
2018-07-16,0.0859,7,0.286,0.286
2018-07-17,0.0535,3,0.0,0.0
2018-07-18,0.4496,2,0.5,0.0
2018-07-19,-0.045,2,0.0,0.0
2018-07-20,-0.0643,3,0.0,0.333
2018-07-23,-0.0785,2,0.5,0.5
2018-07-24,-0.1792,2,0.0,0.0
2018-07-25,0.8824,1,1.0,0.0
2018-07-26,-0.0147,5,0.0,0.0
2018-07-27,0.2219,4,0.25,0.0
2018-07-30,0.059,9,0.111,0.111
2018-07-31,-0.1183,5,0.0,0.2
2018-08-01,-0.2413,3,0.0,0.333
2018-08-02,0.0057,2,0.0,0.0
2018-08-03,0.6311,2,1.0,0.0
2018-08-06,-0.0542,5,0.0,0.2
2018-08-07,0.5957,3,0.667,0.0
2018-08-08,0.3832,2,0.5,0.0
2018-08-09,0.2532,5,0.4,0.0
2018-08-10,-0.4658,3,0.0,0.333
2018-08-13,-0.3824,3,0.0,0.333
2018-08-14,0.3917,4,0.5,0.0
2018-08-15,0.0797,3,0.333,0.0
2018-08-16,0.0641,3,0.0,0.0
2018-08-20,0.3656,2,0.5,0.0
2018-08-21,0.2699,9,0.333,0.111
2018-08-22,0.1957,5,0.2,0.0
2018-08-23,0.2807,3,0.333,0.0
2018-08-24,0.0884,4,0.25,0.0
2018-08-27,0.0404,3,0.0,0.0
2018-08-28,0.0271,5,0.2,0.0
2018-08-29,-0.8402,3,0.0,1.0
2018-08-30,0.1017,1,0.0,0.0
2018-08-31,0.0313,3,0.0,0.0
2018-09-04,0.0252,6,0.0,0.0
2018-09-05,-0.3342,5,0.2,0.6
2018-09-06,0.3978,2,0.5,0.0
2018-09-07,0.9093,1,1.0,0.0
2018-09-10,0.7168,1,1.0,0.0
2018-09-11,-0.097,5,0.2,0.4
2018-09-12,0.1268,4,0.25,0.25
2018-09-13,-0.064,1,0.0,0.0
2018-09-14,-0.4846,2,0.0,0.5
2018-09-17,0.1572,6,0.167,0.167
2018-09-19,-0.2338,2,0.0,0.5
2018-09-20,-0.049,2,0.0,0.0
2018-09-21,0.5678,4,0.5,0.25
2018-09-24,0.0171,1,0.0,0.0
2018-09-26,-0.4421,3,0.0,0.333
2018-09-27,-0.2409,4,0.0,0.25
2018-09-28,-0.1939,2,0.0,0.5
2018-10-01,-0.3299,6,0.0,0.333
2018-10-02,-0.0742,1,0.0,0.0
2018-10-03,-0.0174,5,0.0,0.0
2018-10-04,0.0817,1,0.0,0.0
2018-10-08,-0.0938,1,0.0,0.0
2018-10-09,-0.4551,3,0.0,0.333
2018-10-10,-0.3491,6,0.0,0.333
2018-10-11,-0.288,4,0.0,0.25
2018-10-12,-0.4555,4,0.0,0.75
2018-10-15,-0.1696,5,0.0,0.2
2018-10-16,-0.746,2,0.0,1.0
2018-10-17,-0.4414,2,0.0,0.5
2018-10-18,0.2033,4,0.25,0.0
2018-10-19,-0.3617,3,0.0,0.333
2018-10-22,-0.1663,4,0.0,0.25
2018-10-23,-0.5085,4,0.0,0.5
2018-10-24,-0.6137,7,0.0,0.714
2018-10-25,-0.7027,3,0.0,1.0
2018-10-26,-0.6023,3,0.0,0.667
2018-10-29,-0.5648,5,0.0,0.6
2018-10-30,0.3354,5,0.6,0.2
2018-10-31,-0.3273,5,0.0,0.2
2018-11-01,0.0209,1,0.0,0.0
2018-11-02,-0.0248,1,0.0,0.0
2018-11-05,-0.0392,2,0.0,0.0
2018-11-06,0.2606,4,0.25,0.0
2018-11-07,-0.4015,5,0.0,0.4
2018-11-08,0.0324,3,0.0,0.0
2018-11-12,-0.3779,5,0.0,0.4
2018-11-13,0.3605,1,0.0,0.0
2018-11-14,-0.0582,6,0.167,0.167
2018-11-15,-0.4285,4,0.0,0.25
2018-11-16,0.0,1,0.0,0.0
2018-11-19,-0.3254,7,0.0,0.429
2018-11-20,-0.2413,4,0.0,0.5
2018-11-21,-0.2174,3,0.333,0.333
2018-11-23,-0.9045,1,0.0,1.0
2018-11-26,0.0356,6,0.0,0.0
2018-11-27,-0.0738,4,0.0,0.0
2018-11-28,-0.57,2,0.0,1.0
2018-11-29,-0.5755,5,0.0,0.8
2018-11-30,-0.0027,2,0.0,0.0
2018-12-03,0.215,2,0.5,0.0
2018-12-04,-0.3543,5,0.0,0.6
2018-12-06,0.0471,6,0.0,0.0
2018-12-07,-0.7324,1,0.0,1.0
2018-12-10,-0.6969,1,0.0,1.0
2018-12-11,0.1261,5,0.4,0.0
2018-12-12,-0.0202,5,0.0,0.2
2018-12-13,-0.0158,5,0.0,0.2
2018-12-14,-0.5689,2,0.0,0.5
2018-12-17,-0.4523,5,0.2,0.8
2018-12-18,-0.4818,7,0.0,0.429
2018-12-19,-0.2333,2,0.5,0.5
2018-12-20,-0.5981,6,0.0,0.667
2018-12-21,-0.2716,6,0.0,0.333
2018-12-24,0.0259,4,0.5,0.5
2018-12-26,0.0529,9,0.222,0.222
2018-12-27,-0.1509,6,0.167,0.167
2018-12-28,-0.2249,3,0.0,0.333
2018-12-31,-0.5611,17,0.0,0.647
2019-01-02,-0.1686,7,0.143,0.286
2019-01-03,-0.1303,4,0.0,0.25
2019-01-04,-0.3415,5,0.2,0.6
2019-01-07,0.0048,3,0.0,0.0
2019-01-08,0.2698,5,0.4,0.2
2019-01-09,-0.2233,5,0.2,0.4
2019-01-10,0.0604,2,0.0,0.0
2019-01-11,0.4132,6,0.5,0.0
2019-01-14,-0.1132,4,0.0,0.25
2019-01-15,-0.9389,1,0.0,1.0
2019-01-16,0.256,2,0.5,0.0
2019-01-17,-0.1165,4,0.0,0.25
2019-01-18,-0.0159,7,0.286,0.286
2019-01-22,-0.0952,4,0.0,0.25
2019-01-23,0.0641,3,0.0,0.0
2019-01-24,-0.5034,3,0.333,0.667
2019-01-25,0.0149,3,0.0,0.0
2019-01-28,-0.076,2,0.0,0.0
2019-01-29,0.1142,2,0.0,0.0
2019-01-30,0.1141,8,0.125,0.0
2019-01-31,0.3337,5,0.4,0.2
2019-02-01,-0.164,3,0.0,0.333
2019-02-04,-0.1222,2,0.0,0.5
2019-02-05,0.1668,6,0.167,0.0
2019-02-06,0.0044,4,0.0,0.0
2019-02-07,0.6818,2,1.0,0.0
2019-02-08,-0.1822,3,0.0,0.0
2019-02-11,0.6452,3,0.667,0.0
2019-02-12,-0.1294,5,0.2,0.2
2019-02-13,0.0015,7,0.143,0.143
2019-02-14,-0.011,3,0.333,0.333
2019-02-15,-0.768,2,0.0,1.0
2019-02-19,-0.1494,3,0.0,0.333
2019-02-20,0.4034,5,0.4,0.2
2019-02-21,0.0479,4,0.0,0.0
2019-02-22,0.2369,1,0.0,0.0
2019-02-25,-0.1586,5,0.0,0.2
2019-02-26,0.2134,4,0.5,0.25
2019-02-27,-0.0421,5,0.0,0.2
2019-02-28,0.3692,2,0.5,0.0
2019-03-01,0.2492,5,0.6,0.2
2019-03-04,-0.7572,2,0.0,1.0
2019-03-05,-0.201,5,0.0,0.4
2019-03-06,-0.9628,1,0.0,1.0
2019-03-07,0.1226,4,0.25,0.0
2019-03-08,0.1629,4,0.25,0.0
2019-03-11,0.0895,3,0.333,0.0
2019-03-12,0.8753,1,1.0,0.0
2019-03-13,-0.2666,5,0.0,0.4
2019-03-14,0.1984,3,0.333,0.0
2019-03-15,-0.1544,7,0.0,0.286
2019-03-18,-0.2103,6,0.0,0.333
2019-03-19,-0.917,1,0.0,1.0
2019-03-21,0.3853,2,0.5,0.0
2019-03-22,-0.9344,1,0.0,1.0
2019-03-25,0.1286,5,0.4,0.2
2019-03-26,0.5885,2,0.5,0.5
2019-03-27,0.0626,1,0.0,0.0
2019-03-28,-0.2671,2,0.0,0.5
2019-03-29,0.1596,5,0.2,0.0
2019-04-01,0.1589,5,0.4,0.2
2019-04-02,0.2558,3,0.333,0.0
2019-04-03,0.0733,4,0.0,0.0
2019-04-04,-0.0109,3,0.0,0.0
2019-04-05,0.398,1,1.0,0.0
2019-04-08,0.0928,5,0.2,0.0
2019-04-09,0.3188,4,0.5,0.0
2019-04-10,0.9071,1,1.0,0.0
2019-04-11,-0.2172,2,0.0,0.5
2019-04-12,0.0321,3,0.0,0.0
2019-04-15,-0.9012,2,0.0,1.0
2019-04-16,-0.504,1,0.0,1.0
2019-04-17,0.5762,2,0.5,0.0
2019-04-18,0.3171,2,0.5,0.0
2019-04-22,0.325,1,0.0,0.0
2019-04-23,0.3437,5,0.6,0.0
2019-04-24,-0.0701,4,0.5,0.25
2019-04-25,-0.386,4,0.0,0.5
2019-04-26,0.056,3,0.0,0.0
2019-04-29,0.1165,4,0.25,0.25
2019-04-30,0.0338,3,0.0,0.0
2019-05-01,-0.6223,3,0.0,0.667
2019-05-02,-0.0604,4,0.5,0.25
2019-05-03,-0.2741,3,0.0,0.333
2019-05-06,0.3992,4,0.5,0.0
2019-05-07,-0.0114,5,0.0,0.0
2019-05-08,-0.2141,4,0.0,0.25
2019-05-09,0.0286,3,0.0,0.0
2019-05-10,-0.1464,3,0.0,0.0
2019-05-13,0.0399,2,0.0,0.0
2019-05-14,0.0127,5,0.2,0.2
2019-05-15,-0.042,4,0.0,0.25
2019-05-16,-0.4017,3,0.0,0.667
2019-05-17,-0.0669,2,0.0,0.0
2019-05-20,-0.1275,5,0.0,0.2
2019-05-21,-0.2395,1,0.0,0.0
2019-05-22,-0.0701,6,0.0,0.167
2019-05-23,-0.4931,3,0.0,0.667
2019-05-24,0.3982,4,0.5,0.0
2019-05-28,-0.3932,3,0.0,0.333
2019-05-29,0.3494,3,0.333,0.0
2019-05-30,-0.586,3,0.0,0.667
2019-05-31,-0.9486,1,0.0,1.0
2019-06-03,-0.3865,6,0.0,0.5
2019-06-04,0.0762,1,0.0,0.0
2019-06-05,0.1978,4,0.5,0.25
2019-06-06,-0.058,1,0.0,0.0
2019-06-07,0.1272,5,0.4,0.2
2019-06-10,0.2915,5,0.4,0.0
2019-06-11,0.2576,5,0.4,0.2
2019-06-12,0.1667,1,0.0,0.0
2019-06-13,-0.1615,5,0.0,0.2
2019-06-17,0.0267,2,0.0,0.0
2019-06-18,-0.0327,1,0.0,0.0
2019-06-19,-0.1525,6,0.0,0.333
2019-06-20,0.3,3,0.667,0.0
2019-06-21,0.0154,3,0.0,0.0
2019-06-24,0.1747,3,0.333,0.0
2019-06-25,-0.1968,16,0.062,0.25
2019-06-26,-0.1867,2,0.0,0.0
2019-06-27,-0.9532,1,0.0,1.0
2019-06-28,0.0631,4,0.0,0.25
2019-07-01,-0.0423,6,0.333,0.167
2019-07-02,0.9011,1,1.0,0.0
2019-07-03,-0.0306,4,0.5,0.5
2019-07-05,-0.0685,2,0.5,0.5
2019-07-08,0.0151,6,0.167,0.0
2019-07-10,-0.2656,8,0.0,0.25
2019-07-11,0.2795,1,0.0,0.0
2019-07-12,-0.238,2,0.0,0.5
2019-07-15,0.2459,3,0.333,0.0
2019-07-16,0.0237,1,0.0,0.0
2019-07-17,-0.0021,4,0.0,0.0
2019-07-18,-0.2757,1,0.0,1.0
2019-07-19,-0.5214,5,0.0,0.6
2019-07-22,0.1838,4,0.25,0.25
2019-07-23,0.4202,2,1.0,0.0
2019-07-24,-0.3348,3,0.0,0.333
2019-07-25,0.2058,5,0.4,0.0
2019-07-26,0.2907,6,0.333,0.0
2019-07-29,-0.0106,1,0.0,0.0
2019-07-30,-0.2077,5,0.2,0.4
2019-07-31,-0.0364,1,0.0,0.0
2019-08-01,-0.38,4,0.0,0.5
2019-08-02,-0.6252,3,0.0,0.667
2019-08-05,-0.5048,4,0.0,0.5
2019-08-06,0.0937,3,0.333,0.0
2019-08-07,-0.4417,7,0.0,0.429
2019-08-08,-0.3936,2,0.0,0.5
2019-08-09,-0.2417,4,0.0,0.25
2019-08-12,0.0206,2,0.0,0.0
2019-08-13,-0.2971,3,0.0,0.333
2019-08-14,-0.3179,4,0.0,0.25
2019-08-15,-0.198,3,0.333,0.333
2019-08-16,-0.1734,1,0.0,0.0
2019-08-19,0.5231,3,1.0,0.0
2019-08-20,-0.1713,5,0.0,0.2
2019-08-21,0.1343,4,0.25,0.0
2019-08-22,-0.1974,3,0.0,0.333
2019-08-23,0.0004,3,0.0,0.0
2019-08-26,-0.2153,4,0.25,0.25
2019-08-27,0.007,2,0.0,0.0
2019-08-28,0.3068,4,0.25,0.0
2019-08-29,0.3243,3,0.333,0.0
2019-08-30,-0.1843,4,0.25,0.5
2019-09-03,-0.1024,5,0.0,0.2
2019-09-04,-0.2178,5,0.0,0.2
2019-09-05,-0.4585,2,0.0,0.5
2019-09-06,0.1904,2,0.0,0.0
2019-09-09,0.2706,5,0.4,0.0
2019-09-10,0.0681,2,0.0,0.0
2019-09-11,-0.0681,5,0.2,0.2
2019-09-12,-0.1986,6,0.0,0.333
2019-09-13,0.3171,2,0.5,0.0
2019-09-16,0.063,3,0.0,0.0
2019-09-17,0.0749,2,0.0,0.0
2019-09-18,-0.3158,3,0.0,0.333
2019-09-19,-0.2672,6,0.0,0.333
2019-09-20,-0.1712,2,0.0,0.0
2019-09-23,0.1262,5,0.2,0.0
2019-09-24,-0.1478,6,0.0,0.167
2019-09-25,-0.0429,5,0.0,0.0
2019-09-26,-0.0191,3,0.0,0.0
2019-09-27,0.0215,3,0.0,0.0
2019-09-30,-0.0647,5,0.0,0.0
2019-10-01,0.0501,6,0.167,0.167
2019-10-02,-0.4388,5,0.0,0.8
2019-10-03,-0.4427,3,0.333,0.667
2019-10-04,-0.3936,2,0.0,0.5
2019-10-07,-0.3316,6,0.0,0.333
2019-10-08,0.0353,3,0.0,0.0
2019-10-09,0.2624,3,0.333,0.0
2019-10-10,0.3113,3,0.333,0.0
2019-10-11,-0.0623,7,0.143,0.143
2019-10-14,-0.1604,2,0.0,0.5
2019-10-15,0.0644,6,0.167,0.167
2019-10-16,0.0269,3,0.0,0.0
2019-10-17,0.0629,3,0.0,0.0
2019-10-18,0.6014,3,0.667,0.0
2019-10-21,-0.0822,5,0.2,0.2
2019-10-23,0.0559,1,0.0,0.0
2019-10-24,-0.0064,2,0.0,0.0
2019-10-25,0.0147,6,0.333,0.167
2019-10-28,0.1251,9,0.333,0.333
2019-10-29,0.0813,3,0.0,0.0
2019-10-30,0.5576,5,0.8,0.0
2019-10-31,-0.3968,3,0.0,0.333
2019-11-01,0.2615,9,0.222,0.111
2019-11-04,-0.0533,3,0.0,0.333
2019-11-05,0.1876,4,0.25,0.0
2019-11-06,-0.1401,6,0.0,0.167
2019-11-07,0.3,4,0.25,0.0
2019-11-08,0.226,5,0.4,0.0
2019-11-11,-0.1366,2,0.0,0.0
2019-11-12,-0.3896,4,0.0,0.5
2019-11-13,-0.1784,4,0.25,0.5
2019-11-14,0.1005,3,0.0,0.0
2019-11-15,0.4007,4,0.75,0.0
2019-11-18,0.2232,6,0.333,0.167
2019-11-19,-0.3553,2,0.0,0.5
2019-11-20,-0.1333,2,0.0,0.0
2019-11-21,-0.4771,4,0.0,0.5
2019-11-22,-0.9329,1,0.0,1.0
2019-11-25,0.4504,4,0.5,0.0
2019-11-26,0.1304,4,0.25,0.0
2019-11-27,0.2563,3,0.333,0.0
2019-11-29,-0.1269,1,0.0,0.0
2019-12-02,-0.0622,7,0.143,0.143
2019-12-03,-0.0421,1,0.0,0.0
2019-12-04,-0.3907,3,0.0,0.667
2019-12-05,-0.0089,4,0.25,0.25
2019-12-06,0.0017,2,0.0,0.0
2019-12-09,-0.1535,4,0.25,0.5
2019-12-10,0.0779,4,0.0,0.0
2019-12-11,-0.0295,3,0.0,0.0
2019-12-12,-0.2024,4,0.25,0.5
2019-12-13,-0.0122,4,0.0,0.0
2019-12-16,0.0646,2,0.0,0.0
2019-12-17,0.2709,5,0.4,0.0
2019-12-18,0.009,7,0.143,0.143
2019-12-19,0.158,2,0.0,0.0
2019-12-20,-0.0138,8,0.375,0.25
2019-12-23,0.3269,10,0.4,0.1
2019-12-24,0.4323,2,0.5,0.0
2019-12-26,0.3475,7,0.571,0.0
2019-12-27,0.338,3,0.333,0.0
2019-12-30,0.1705,5,0.4,0.0
2019-12-31,0.1795,14,0.429,0.143
2020-01-02,-0.0456,5,0.2,0.4
2020-01-03,0.1372,9,0.333,0.0
2020-01-06,0.0731,5,0.2,0.2
2020-01-07,0.1554,4,0.25,0.0
2020-01-08,0.0289,6,0.0,0.0
2020-01-09,-0.2324,7,0.0,0.286
2020-01-10,0.1979,3,0.333,0.0
2020-01-13,-0.0275,4,0.0,0.0
2020-01-14,0.1331,7,0.143,0.0
2020-01-15,0.0163,7,0.286,0.286
2020-01-16,0.3225,8,0.5,0.0
2020-01-17,0.2199,5,0.2,0.0
2020-01-21,-0.1136,6,0.167,0.167
2020-01-22,0.3627,3,0.333,0.333
2020-01-23,-0.002,2,0.0,0.0
2020-01-24,-0.0232,2,0.0,0.0
2020-01-27,-0.4795,4,0.0,0.5
2020-01-28,-0.1739,6,0.167,0.333
2020-01-29,0.4339,2,0.5,0.0
2020-01-30,0.3456,3,0.667,0.333
2020-01-31,0.1279,1,0.0,0.0
2020-02-03,0.2307,7,0.286,0.0
2020-02-04,-0.3023,3,0.0,0.333
2020-02-05,-0.0518,4,0.0,0.25
2020-02-06,-0.1593,3,0.0,0.333
2020-02-07,0.0017,6,0.0,0.0
2020-02-10,-0.1539,6,0.0,0.333
2020-02-11,0.0203,6,0.167,0.167
2020-02-12,0.1469,5,0.2,0.0
2020-02-13,0.307,3,0.333,0.0
2020-02-14,-0.0333,2,0.0,0.5
2020-02-18,0.168,1,0.0,0.0
2020-02-19,-0.1565,7,0.143,0.286
2020-02-20,-0.6229,3,0.0,0.667
2020-02-21,-0.1885,6,0.0,0.333
2020-02-24,-0.5411,7,0.143,0.571
2020-02-25,-0.2278,8,0.125,0.25
2020-02-26,-0.1068,9,0.222,0.222
2020-02-27,-0.6232,16,0.0,0.625
2020-02-28,-0.3968,16,0.125,0.438
2020-03-02,-0.1549,4,0.0,0.25
2020-03-03,0.0635,5,0.2,0.2
2020-03-04,-0.1442,4,0.25,0.25
2020-03-05,-0.205,5,0.2,0.4
2020-03-06,-0.5128,5,0.0,0.6
2020-03-09,-0.4917,32,0.031,0.531
2020-03-10,-0.3134,8,0.125,0.375
2020-03-11,-0.3106,10,0.2,0.4
2020-03-12,-0.4875,24,0.042,0.542
2020-03-13,-0.0863,14,0.143,0.214
2020-03-16,-0.6312,20,0.0,0.7
2020-03-17,-0.5646,13,0.154,0.692
2020-03-18,-0.3205,12,0.083,0.417
2020-03-19,-0.2851,12,0.083,0.417
2020-03-20,-0.4385,6,0.167,0.5
2020-03-23,-0.4355,8,0.125,0.625
2020-03-24,-0.1169,10,0.2,0.2
2020-03-25,-0.14,12,0.0,0.167
2020-03-26,-0.2087,5,0.2,0.4
2020-03-27,-0.0532,9,0.111,0.222
2020-03-30,-0.2173,4,0.0,0.25
2020-03-31,-0.3432,10,0.3,0.5
2020-04-01,-0.3334,7,0.0,0.429
2020-04-02,0.1744,6,0.167,0.0
2020-04-03,-0.4006,5,0.0,0.6
2020-04-06,-0.1779,10,0.1,0.3
2020-04-07,0.3933,2,0.5,0.0
2020-04-08,0.1199,8,0.5,0.25
2020-04-09,0.1679,5,0.4,0.2
2020-04-13,-0.2003,4,0.0,0.5
2020-04-14,0.0086,7,0.286,0.286
2020-04-15,0.1445,4,0.25,0.25
2020-04-16,-0.2521,4,0.0,0.25
2020-04-17,-0.5302,5,0.0,0.6
2020-04-20,-0.0452,5,0.2,0.2
2020-04-21,-0.5357,3,0.0,0.667
2020-04-22,0.0161,1,0.0,0.0
2020-04-24,0.1032,1,0.0,0.0
2020-04-27,-0.2706,4,0.25,0.25
2020-04-28,0.3837,4,0.5,0.0
2020-04-29,0.6859,1,1.0,0.0
2020-04-30,-0.3939,4,0.0,0.5
2020-05-01,-0.1631,7,0.0,0.286
2020-05-04,0.0623,5,0.2,0.2
2020-05-05,-0.0704,7,0.143,0.143
2020-05-06,0.3716,4,0.5,0.0
2020-05-07,0.0275,7,0.0,0.0
2020-05-08,-0.0519,8,0.125,0.25
2020-05-11,0.2785,5,0.6,0.2
2020-05-12,-0.0088,4,0.25,0.25
2020-05-13,-0.0758,4,0.25,0.25
2020-05-14,-0.4174,5,0.0,0.6
2020-05-15,0.3076,3,0.333,0.0
2020-05-18,0.0907,2,0.5,0.0
2020-05-19,-0.6236,3,0.0,0.667
2020-05-20,0.1783,6,0.167,0.0
2020-05-21,0.2173,6,0.5,0.333
2020-05-22,-0.3227,3,0.0,0.333
2020-05-26,0.0358,8,0.125,0.125
2020-05-27,-0.1128,7,0.286,0.143
2020-05-28,0.045,10,0.1,0.0
2020-05-29,0.3104,4,0.25,0.0
2020-06-01,0.0948,7,0.0,0.0
2020-06-02,-0.1991,7,0.143,0.429
2020-06-03,0.1133,2,0.0,0.0
2020-06-04,0.1519,6,0.167,0.0
2020-06-05,0.4529,6,0.5,0.0
2020-06-08,-0.3197,8,0.0,0.375
2020-06-09,-0.0388,8,0.25,0.25
2020-06-10,-0.2311,6,0.167,0.333
2020-06-11,0.0007,5,0.2,0.2
2020-06-12,-0.0328,4,0.25,0.25
2020-06-15,-0.303,6,0.0,0.333
2020-06-16,0.1285,5,0.2,0.2
2020-06-17,-0.2946,6,0.0,0.333
2020-06-18,-0.1758,3,0.333,0.333
2020-06-19,0.1016,6,0.167,0.0
2020-06-22,0.3491,3,0.667,0.0
2020-06-24,-0.101,7,0.0,0.286
2020-06-25,0.0619,4,0.25,0.25
2020-06-26,-0.3107,4,0.25,0.5
2020-06-29,0.1989,10,0.2,0.0
2020-06-30,0.0606,9,0.222,0.111
2020-07-01,0.2725,11,0.364,0.091
2020-07-02,0.1917,9,0.222,0.0
2020-07-06,0.0101,6,0.333,0.333
2020-07-07,0.023,1,0.0,0.0
2020-07-08,0.1119,5,0.2,0.0
2020-07-09,0.3752,2,0.5,0.0
2020-07-10,0.0083,4,0.25,0.25
2020-07-13,-0.423,6,0.0,0.667
2020-07-14,-0.2915,3,0.0,0.333
2020-07-15,0.0811,5,0.2,0.2
2020-07-16,0.058,1,0.0,0.0
2020-07-20,0.2509,6,0.5,0.167
2020-07-21,0.0722,6,0.167,0.0
2020-07-22,-0.1326,6,0.167,0.5
2020-07-23,0.4227,5,0.6,0.2
2020-07-24,-0.1434,4,0.0,0.25
2020-07-27,-0.0758,3,0.0,0.0
2020-07-28,0.0538,6,0.0,0.0
2020-07-29,-0.5056,3,0.0,0.667
2020-07-30,0.5141,2,0.5,0.0
2020-07-31,-0.1532,7,0.0,0.286
2020-08-03,0.4831,6,0.667,0.0
2020-08-04,0.3207,6,0.5,0.0
2020-08-05,-0.0038,1,0.0,0.0
2020-08-06,-0.1053,6,0.167,0.167
2020-08-07,-0.234,4,0.25,0.5
2020-08-10,0.0408,8,0.0,0.0
2020-08-11,0.2498,8,0.375,0.25
2020-08-12,0.4333,3,0.667,0.0
2020-08-13,-0.3652,1,0.0,0.0
2020-08-14,-0.4384,5,0.0,0.6
2020-08-17,0.2011,8,0.25,0.125
2020-08-18,-0.0349,16,0.25,0.25
2020-08-19,-0.1039,7,0.143,0.143
2020-08-20,0.0288,7,0.143,0.286
2020-08-21,0.1535,8,0.25,0.125
2020-08-24,0.0493,2,0.5,0.0
2020-08-25,-0.0016,14,0.143,0.214
2020-08-26,-0.209,6,0.167,0.333
2020-08-27,0.0948,3,0.0,0.0
2020-08-28,0.3224,9,0.444,0.0
2020-08-31,-0.0924,4,0.0,0.25
2020-09-01,0.1577,6,0.5,0.167
2020-09-02,0.1186,7,0.571,0.143
2020-09-03,-0.4509,10,0.0,0.5
2020-09-04,-0.4654,4,0.0,0.5
2020-09-08,-0.3759,12,0.167,0.583
2020-09-09,-0.3036,6,0.167,0.333
2020-09-10,-0.1213,3,0.333,0.333
2020-09-11,0.1545,1,0.0,0.0
2020-09-14,0.4599,5,0.6,0.0
2020-09-15,0.0629,3,0.0,0.0
2020-09-16,-0.0542,6,0.0,0.167
2020-09-17,0.256,5,0.2,0.0
2020-09-18,-0.1728,5,0.2,0.2
2020-09-21,-0.2513,3,0.0,0.333
2020-09-22,-0.7702,3,0.0,0.667
2020-09-23,-0.234,55,0.127,0.4
2020-09-24,0.3212,5,0.4,0.0
2020-09-25,-0.0077,3,0.333,0.333
2020-09-28,0.4385,6,0.5,0.0
2020-09-29,0.0263,7,0.143,0.143
2020-09-30,0.0203,8,0.125,0.25
2020-10-01,-0.1029,3,0.0,0.0
2020-10-02,0.0037,2,0.0,0.0
2020-10-05,0.4722,2,0.5,0.0
2020-10-06,-0.6207,2,0.0,0.5
2020-10-07,0.0324,4,0.25,0.25
2020-10-08,-0.0723,4,0.25,0.25
2020-10-09,0.829,1,1.0,0.0
2020-10-12,-0.2745,6,0.0,0.333
2020-10-13,-0.1023,4,0.25,0.25
2020-10-14,-0.0153,3,0.0,0.333
2020-10-15,-0.0779,2,0.0,0.0
2020-10-16,-0.3152,3,0.0,0.333
2020-10-19,-0.1078,6,0.0,0.167
2020-10-20,0.1003,5,0.4,0.0
2020-10-21,0.0948,6,0.167,0.167
2020-10-22,-0.1043,6,0.167,0.167
2020-10-23,-0.1309,4,0.25,0.25
2020-10-26,0.0065,3,0.333,0.333
2020-10-27,0.1129,6,0.167,0.0
2020-10-28,-0.7397,2,0.0,0.5
2020-10-29,-0.31,5,0.0,0.4
2020-10-30,0.0004,1,0.0,0.0
2020-11-02,0.0167,10,0.2,0.1
2020-11-03,0.2756,15,0.4,0.067
2020-11-04,0.0785,5,0.2,0.0
2020-11-05,-0.4501,4,0.0,0.75
2020-11-06,0.3468,8,0.375,0.0
2020-11-09,0.1576,6,0.167,0.0
2020-11-10,-0.0392,4,0.25,0.5
2020-11-11,0.3664,1,1.0,0.0
2020-11-12,0.0551,4,0.25,0.25
2020-11-13,0.4353,5,0.6,0.0
2020-11-16,0.2666,11,0.273,0.0
2020-11-17,0.1293,14,0.143,0.071
2020-11-18,-0.0658,3,0.0,0.333
2020-11-19,0.0703,7,0.143,0.143
2020-11-20,0.0921,7,0.286,0.143
2020-11-23,-0.0271,6,0.0,0.167
2020-11-24,0.3952,13,0.462,0.0
2020-11-25,0.0764,8,0.25,0.25
2020-11-27,0.4893,3,0.667,0.0
2020-11-30,-0.0119,7,0.143,0.143
2020-12-01,-0.0353,9,0.222,0.333
2020-12-02,0.0792,6,0.167,0.0
2020-12-03,-0.0032,1,0.0,0.0
2020-12-04,0.1971,6,0.333,0.167
2020-12-07,0.4369,4,0.5,0.0
2020-12-08,0.0008,3,0.0,0.0
2020-12-09,0.1951,4,0.5,0.25
2020-12-10,-0.1542,8,0.125,0.25
2020-12-11,0.3446,6,0.333,0.0
2020-12-14,-0.0275,4,0.0,0.25
2020-12-15,0.2667,6,0.333,0.0
2020-12-16,0.1208,6,0.167,0.0
2020-12-17,0.3881,6,0.333,0.0
2020-12-18,0.2832,11,0.364,0.182
2020-12-21,0.0776,13,0.077,0.0
2020-12-22,-0.2362,7,0.143,0.286
2020-12-23,0.0229,3,0.0,0.0
2020-12-24,0.0795,4,0.25,0.25
2020-12-28,-0.3441,2,0.0,0.5
2020-12-29,0.1262,5,0.2,0.0
2020-12-30,0.3649,6,0.5,0.167
2021-01-04,-0.1454,7,0.143,0.286
2021-01-05,-0.1497,4,0.0,0.25
2021-01-06,-0.0619,6,0.333,0.333
2021-01-07,0.0821,7,0.286,0.286
2021-01-08,-0.0012,2,0.0,0.0
2021-01-11,0.1412,3,0.333,0.0
2021-01-12,-0.3942,2,0.0,0.5
2021-01-13,-0.484,4,0.0,0.5
2021-01-14,0.2283,3,0.333,0.0
2021-01-15,-0.2027,7,0.143,0.286
2021-01-19,0.081,9,0.111,0.0
2021-01-20,0.2617,15,0.4,0.0
2021-01-21,0.228,6,0.333,0.0
2021-01-25,-0.2251,5,0.2,0.4
2021-01-26,-0.1579,5,0.0,0.2
2021-01-27,0.0168,2,0.0,0.0
2021-01-28,-0.2044,4,0.0,0.25
2021-01-29,0.2527,7,0.286,0.143
2021-02-01,0.6193,4,0.75,0.0
2021-02-02,-0.1919,8,0.25,0.25
2021-02-03,-0.2632,3,0.0,0.333
2021-02-04,0.1221,4,0.25,0.0
2021-02-05,0.0602,6,0.167,0.333
2021-02-08,0.0089,2,0.0,0.0
2021-02-09,0.0436,4,0.25,0.0
2021-02-10,-0.4391,2,0.0,0.5
2021-02-11,0.1754,2,0.0,0.0
2021-02-12,0.2424,4,0.25,0.0
2021-02-16,0.1176,5,0.2,0.0
2021-02-17,0.2262,3,0.333,0.0
2021-02-18,-0.5081,5,0.2,0.6
2021-02-19,0.1096,1,0.0,0.0
2021-02-22,0.0735,4,0.25,0.25
2021-02-23,0.3589,2,0.5,0.0
2021-02-24,0.9008,1,1.0,0.0
2021-02-25,-0.2163,2,0.5,0.5
2021-02-26,0.4006,4,0.5,0.0
2021-03-01,-0.0076,8,0.25,0.125
2021-03-02,0.0733,4,0.5,0.25
2021-03-03,0.2828,8,0.375,0.0
2021-03-04,0.096,10,0.4,0.3
2021-03-05,-0.2236,5,0.0,0.4
2021-03-08,-0.0871,4,0.0,0.25
2021-03-09,-0.2926,7,0.0,0.286
2021-03-10,-0.043,4,0.25,0.25
2021-03-11,0.116,3,0.0,0.0
2021-03-12,0.0147,3,0.0,0.0
2021-03-15,0.236,3,0.333,0.0
2021-03-16,-0.3026,9,0.0,0.444
2021-03-17,0.1626,6,0.333,0.0
2021-03-18,-0.0162,6,0.167,0.167
2021-03-19,-0.2629,4,0.0,0.5
2021-03-22,-0.1345,6,0.0,0.167
2021-03-23,-0.0265,8,0.125,0.125
2021-03-24,-0.1772,7,0.143,0.286
2021-03-25,0.0955,2,0.5,0.0
2021-03-26,0.1027,7,0.429,0.143
2021-03-29,0.2144,5,0.4,0.0
2021-03-30,-0.0281,9,0.111,0.111
2021-03-31,0.0978,8,0.375,0.375
2021-04-01,0.3505,7,0.571,0.143
2021-04-05,-0.5104,3,0.0,0.667
2021-04-06,0.3806,4,0.5,0.0
2021-04-07,0.0481,2,0.0,0.0
2021-04-08,0.1264,5,0.0,0.0
2021-04-09,0.1892,5,0.2,0.0
2021-04-12,0.0649,4,0.0,0.0
2021-04-13,-0.0976,4,0.25,0.25
2021-04-14,0.1863,2,0.5,0.0
2021-04-15,-0.3352,2,0.0,0.5
2021-04-16,0.4322,3,0.667,0.0
2021-04-19,-0.0555,7,0.143,0.286
2021-04-20,0.086,4,0.25,0.0
2021-04-21,-0.2765,6,0.167,0.333
2021-04-22,0.5161,2,1.0,0.0
2021-04-23,0.0323,4,0.0,0.0
2021-04-26,0.8888,1,1.0,0.0
2021-04-27,0.3609,7,0.714,0.0
2021-04-28,0.168,5,0.2,0.0
2021-04-29,-0.6577,3,0.0,0.667
2021-04-30,0.0065,7,0.143,0.143
2021-05-03,0.2716,6,0.333,0.0
2021-05-04,-0.1886,9,0.0,0.333
2021-05-05,0.0895,3,0.0,0.0
2021-05-06,-0.4736,2,0.0,0.5
2021-05-07,-0.2139,4,0.0,0.25
2021-05-10,-0.1946,10,0.1,0.3
2021-05-11,-0.4586,4,0.0,0.5
2021-05-12,-0.1112,8,0.125,0.25
2021-05-13,-0.089,3,0.0,0.0
2021-05-14,0.4458,3,0.667,0.0
2021-05-17,-0.0728,5,0.2,0.4
2021-05-18,-0.1226,6,0.0,0.167
2021-05-19,-0.0224,1,0.0,0.0
2021-05-20,-0.3678,5,0.0,0.4
2021-05-21,-0.251,2,0.0,0.5
2021-05-24,0.1823,8,0.25,0.0
2021-05-25,0.1201,2,0.0,0.0
2021-05-26,-0.0547,5,0.0,0.0
2021-05-27,0.4037,5,0.6,0.0
2021-05-28,-0.1349,6,0.0,0.167
2021-06-01,0.1501,6,0.167,0.0
2021-06-02,0.2022,5,0.2,0.2
2021-06-03,0.0454,5,0.0,0.0
2021-06-04,0.0611,6,0.167,0.0
2021-06-07,-0.3781,8,0.0,0.5
2021-06-08,0.2293,4,0.25,0.0
2021-06-09,0.2685,3,0.333,0.0
2021-06-10,0.369,3,0.333,0.0
2021-06-11,0.4748,1,1.0,0.0
2021-06-14,0.0528,1,0.0,0.0
2021-06-15,-0.472,4,0.0,0.5
2021-06-16,-0.1891,6,0.0,0.5
2021-06-17,-0.2766,3,0.0,0.333
2021-06-18,-0.0536,1,0.0,0.0
2021-06-21,0.1015,6,0.333,0.0
2021-06-22,0.0519,2,0.0,0.0
2021-06-23,-0.0506,3,0.333,0.333
2021-06-24,0.0033,3,0.0,0.0
2021-06-25,-0.1512,5,0.4,0.4
2021-06-28,0.1464,10,0.3,0.1
2021-06-29,0.3741,5,0.6,0.0
2021-06-30,0.2004,5,0.6,0.0
2021-07-01,0.0311,5,0.4,0.2
2021-07-02,0.3705,5,0.4,0.2
2021-07-06,0.8386,2,1.0,0.0
2021-07-07,-0.1141,7,0.0,0.143
2021-07-08,0.285,2,0.5,0.0
2021-07-09,-0.9159,2,0.0,1.0
2021-07-12,0.1801,2,0.0,0.0
2021-07-13,-0.2609,6,0.167,0.5
2021-07-14,-0.2367,4,0.0,0.25
2021-07-15,-0.3845,6,0.0,0.5
2021-07-16,0.6257,4,0.5,0.0
2021-07-19,-0.1352,7,0.143,0.286
2021-07-20,0.2867,8,0.375,0.0
2021-07-21,0.2692,4,0.25,0.0
2021-07-22,-0.1832,8,0.25,0.375
2021-07-23,-0.0837,4,0.25,0.25
2021-07-26,0.1653,5,0.2,0.0
2021-07-27,0.3836,2,0.5,0.0
2021-07-28,-0.7205,2,0.0,1.0
2021-07-29,-0.2314,3,0.0,0.333
2021-07-30,-0.0505,4,0.0,0.25
2021-08-02,-0.0714,4,0.0,0.25
2021-08-03,-0.2697,3,0.0,0.333
2021-08-04,-0.0735,3,0.0,0.0
2021-08-05,0.2016,4,0.25,0.0
2021-08-06,0.2446,5,0.4,0.0
2021-08-09,0.2638,4,0.25,0.0
2021-08-10,-0.3684,1,0.0,0.0
2021-08-11,0.172,4,0.5,0.0
2021-08-13,0.0633,4,0.25,0.25
2021-08-16,0.0129,7,0.429,0.143
2021-08-17,-0.1445,8,0.125,0.25
2021-08-18,-0.1074,12,0.167,0.333
2021-08-19,-0.1527,6,0.167,0.333
2021-08-20,-0.5051,2,0.0,0.5
2021-08-23,-0.0093,2,0.0,0.0
2021-08-24,0.1854,5,0.2,0.0
2021-08-25,0.0705,5,0.2,0.2
2021-08-26,-0.1099,6,0.0,0.167
2021-08-27,0.0473,3,0.0,0.0
2021-08-30,-0.0156,7,0.143,0.143
2021-08-31,-0.2778,3,0.333,0.333
2021-09-01,-0.1218,7,0.0,0.143
2021-09-02,-0.433,4,0.0,0.5
2021-09-03,0.1526,5,0.4,0.2
2021-09-07,-0.1345,3,0.0,0.333
2021-09-08,-0.0488,4,0.0,0.0
2021-09-09,-0.1899,3,0.0,0.333
2021-09-10,-0.4197,1,0.0,1.0
2021-09-13,0.7947,1,1.0,0.0
2021-09-14,0.1088,6,0.167,0.167
2021-09-15,-0.1552,11,0.0,0.182
2021-09-16,-0.6357,3,0.0,0.667
2021-09-17,-0.3413,4,0.0,0.5
2021-09-20,-0.4555,8,0.125,0.625
2021-09-21,-0.7827,5,0.0,1.0
2021-09-22,-0.1652,2,0.0,0.5
2021-09-23,-0.3907,4,0.0,0.5
2021-09-24,-0.2112,6,0.167,0.333
2021-09-27,0.3246,9,0.444,0.0
2021-09-28,-0.3597,7,0.143,0.429
2021-09-29,-0.2026,9,0.222,0.333
2021-09-30,-0.0823,4,0.0,0.25
2021-10-01,-0.0241,6,0.333,0.333
2021-10-04,-0.3278,8,0.125,0.5
2021-10-05,-0.2452,3,0.0,0.333
2021-10-06,-0.2468,5,0.0,0.4
2021-10-07,0.1666,5,0.2,0.2
2021-10-08,0.013,4,0.0,0.0
2021-10-11,0.2329,5,0.2,0.0
2021-10-12,-0.1191,5,0.2,0.4
2021-10-13,0.0869,4,0.25,0.0
2021-10-14,-0.0296,7,0.143,0.143
2021-10-15,0.0832,3,0.0,0.0
2021-10-18,0.581,5,0.8,0.0
2021-10-19,0.2344,5,0.4,0.0
2021-10-20,0.1024,7,0.143,0.0
2021-10-21,0.4922,7,0.714,0.0
2021-10-22,-0.3246,4,0.0,0.25
2021-10-25,-0.0001,3,0.0,0.0
2021-10-26,-0.2414,4,0.0,0.25
2021-10-27,-0.0033,7,0.143,0.143
2021-10-28,0.0675,5,0.2,0.0
2021-10-29,0.0276,9,0.111,0.111
2021-11-01,0.1713,11,0.182,0.0
2021-11-02,-0.0993,4,0.0,0.25
2021-11-03,0.31,4,0.25,0.0
2021-11-04,0.1283,5,0.4,0.2
2021-11-05,0.1,5,0.4,0.2
2021-11-08,-0.0119,8,0.125,0.375
2021-11-09,0.0155,6,0.167,0.167
2021-11-10,-0.2223,8,0.0,0.375
2021-11-11,-0.2567,3,0.0,0.333
2021-11-12,0.0235,5,0.0,0.2
2021-11-15,-0.2675,5,0.0,0.4
2021-11-16,-0.0016,6,0.167,0.167
2021-11-17,0.0071,6,0.167,0.167
2021-11-18,-0.0039,6,0.0,0.0
2021-11-19,-0.1257,11,0.091,0.364
2021-11-22,0.0298,12,0.167,0.083
2021-11-23,0.0574,5,0.0,0.0
2021-11-24,-0.0745,5,0.2,0.2
2021-11-26,-0.4984,2,0.0,0.5
2021-11-29,-0.2432,7,0.0,0.286
2021-11-30,-0.0162,15,0.067,0.133
2021-12-01,-0.0221,9,0.222,0.222
2021-12-02,-0.1909,9,0.0,0.222
2021-12-03,-0.0204,7,0.143,0.286
2021-12-06,0.1319,10,0.2,0.0
2021-12-07,0.2854,5,0.4,0.2
2021-12-08,-0.1924,12,0.083,0.333
2021-12-09,0.3028,5,0.4,0.0
2021-12-10,0.3485,5,0.6,0.0
2021-12-13,0.3716,8,0.5,0.0
2021-12-14,0.1532,5,0.2,0.0
2021-12-15,-0.4425,4,0.0,0.5
2021-12-16,-0.2014,4,0.0,0.25
2021-12-17,0.3809,3,0.333,0.0
2021-12-20,-0.0948,10,0.0,0.1
2021-12-21,0.1216,4,0.5,0.0
2021-12-22,0.1204,9,0.222,0.111
2021-12-23,0.0262,8,0.25,0.125
2021-12-27,-0.2066,5,0.0,0.2
2021-12-28,-0.2348,8,0.125,0.25
2021-12-29,-0.0882,17,0.176,0.353
2021-12-30,0.0599,8,0.25,0.125
2021-12-31,0.1415,16,0.375,0.188
2022-01-03,-0.0315,13,0.231,0.154
2022-01-04,-0.1026,15,0.2,0.333
2022-01-05,0.2928,7,0.429,0.0
2022-01-06,-0.132,5,0.2,0.2
2022-01-07,-0.3433,6,0.0,0.333
2022-01-10,0.0373,9,0.111,0.111
2022-01-11,0.0176,7,0.286,0.286
2022-01-12,0.0873,7,0.143,0.0
2022-01-13,0.0863,6,0.333,0.167
2022-01-14,0.0225,8,0.25,0.25
2022-01-18,-0.016,7,0.143,0.286
2022-01-19,-0.2744,8,0.125,0.375
2022-01-20,-0.2582,8,0.0,0.375
2022-01-21,-0.223,13,0.077,0.462
2022-01-24,-0.4221,24,0.042,0.542
2022-01-25,-0.2198,8,0.0,0.25
2022-01-26,-0.2506,11,0.0,0.364
2022-01-27,-0.2481,5,0.2,0.6
2022-01-28,-0.1648,7,0.143,0.143
2022-01-31,-0.3875,11,0.091,0.455
2022-02-01,-0.1156,5,0.2,0.2
2022-02-02,-0.1549,8,0.125,0.25
2022-02-03,0.0847,10,0.4,0.2
2022-02-04,0.0801,8,0.125,0.125
2022-02-07,0.0516,12,0.333,0.25
2022-02-08,0.0227,11,0.091,0.182
2022-02-09,0.0407,10,0.3,0.2
2022-02-10,-0.0905,7,0.143,0.143
2022-02-11,-0.0061,10,0.1,0.1
2022-02-14,-0.0813,8,0.125,0.125
2022-02-15,-0.2869,7,0.143,0.286
2022-02-16,-0.4035,3,0.0,0.667
2022-02-17,-0.0591,2,0.5,0.5
2022-02-18,-0.2116,6,0.167,0.333
2022-02-22,-0.479,11,0.091,0.727
2022-02-23,-0.3184,17,0.235,0.471
2022-02-24,-0.0169,13,0.154,0.154
2022-02-25,0.0264,6,0.333,0.167
2022-02-28,-0.0035,6,0.333,0.5
2022-03-01,0.1643,8,0.5,0.0
2022-03-02,0.1108,7,0.286,0.143
2022-03-03,-0.0377,5,0.0,0.0
2022-03-04,-0.4587,9,0.0,0.556
2022-03-07,-0.3411,8,0.125,0.5
2022-03-08,-0.1647,2,0.0,0.0
2022-03-09,-0.5377,7,0.143,0.714
2022-03-10,0.0981,5,0.2,0.0
2022-03-11,-0.0622,9,0.222,0.222
2022-03-14,-0.5507,12,0.0,0.583
2022-03-15,0.141,6,0.333,0.167
2022-03-16,0.1169,12,0.25,0.083
2022-03-17,0.1601,6,0.333,0.0
2022-03-18,-0.0886,6,0.167,0.167
2022-03-21,0.2033,10,0.3,0.1
2022-03-22,-0.0127,4,0.25,0.25
2022-03-23,-0.1382,9,0.111,0.333
2022-03-24,-0.1214,8,0.125,0.25
2022-03-25,-0.1304,5,0.2,0.2
2022-03-28,-0.1034,10,0.3,0.2
2022-03-29,-0.1248,6,0.0,0.167
2022-03-30,-0.4129,6,0.0,0.5
2022-03-31,0.2377,7,0.714,0.286
2022-04-01,0.2684,10,0.5,0.1
2022-04-04,0.2121,11,0.182,0.091
2022-04-05,-0.0133,6,0.333,0.167
2022-04-06,-0.6217,8,0.0,0.875
2022-04-07,0.1104,7,0.286,0.0
2022-04-08,0.1748,6,0.333,0.167
2022-04-11,0.1777,6,0.167,0.0
2022-04-12,0.1077,5,0.4,0.2
2022-04-13,0.0094,10,0.0,0.1
2022-04-14,0.0131,10,0.3,0.2
2022-04-18,-0.1064,7,0.0,0.143
2022-04-19,-0.1133,7,0.143,0.286
2022-04-20,-0.5012,8,0.0,0.5
2022-04-21,-0.2255,4,0.25,0.25
2022-04-22,-0.2177,7,0.0,0.286
2022-04-25,0.4217,6,0.5,0.0
2022-04-26,-0.2085,8,0.0,0.25
2022-04-27,-0.0838,10,0.0,0.1
2022-04-28,-0.2185,4,0.25,0.5
2022-04-29,-0.5472,16,0.062,0.625
2022-05-02,-0.3753,9,0.222,0.556
2022-05-03,-0.0777,6,0.333,0.333
2022-05-04,-0.2701,8,0.0,0.25
2022-05-05,-0.2323,13,0.154,0.308
2022-05-06,-0.1859,8,0.0,0.125
2022-05-09,-0.4749,18,0.167,0.611
2022-05-10,-0.2869,16,0.188,0.5
2022-05-11,-0.3766,17,0.0,0.412
2022-05-12,-0.3832,11,0.0,0.455
2022-05-13,-0.3605,12,0.083,0.417
2022-05-16,-0.3708,13,0.0,0.462
2022-05-17,-0.144,6,0.0,0.167
2022-05-18,-0.4781,20,0.05,0.45
2022-05-19,-0.6173,20,0.0,0.7
2022-05-20,-0.3522,19,0.105,0.632
2022-05-23,-0.168,13,0.077,0.308
2022-05-24,0.1616,13,0.231,0.154
2022-05-25,0.2777,10,0.4,0.2
2022-05-26,-0.1004,9,0.111,0.222
2022-05-27,-0.1396,10,0.2,0.5
2022-05-31,-0.2622,7,0.0,0.286
2022-06-01,0.0989,7,0.143,0.143
2022-06-02,-0.1079,6,0.167,0.333
2022-06-03,0.0269,8,0.125,0.125
2022-06-06,-0.0284,7,0.143,0.286
2022-06-07,-0.5338,7,0.0,0.714
2022-06-08,-0.0906,8,0.125,0.125
2022-06-09,-0.035,12,0.083,0.083
2022-06-10,-0.2039,9,0.222,0.444
2022-06-13,-0.4454,34,0.088,0.559
2022-06-14,-0.3212,21,0.0,0.381
2022-06-15,-0.1501,8,0.0,0.25
2022-06-16,-0.3137,10,0.1,0.4
2022-06-17,-0.1555,11,0.0,0.182
2022-06-21,-0.0337,6,0.167,0.0
2022-06-22,-0.25,6,0.0,0.5
2022-06-23,-0.2009,7,0.143,0.286
2022-06-24,0.0097,13,0.385,0.231
2022-06-27,-0.1466,10,0.0,0.2
2022-06-28,-0.2119,13,0.077,0.231
2022-06-29,-0.3919,12,0.083,0.417
2022-06-30,-0.5363,18,0.111,0.611
2022-07-01,-0.3809,12,0.083,0.5
2022-07-05,0.1769,11,0.273,0.091
2022-07-06,0.0564,6,0.0,0.0
2022-07-07,0.5975,4,0.75,0.0
2022-07-08,-0.1216,5,0.0,0.2
2022-07-11,-0.0339,7,0.0,0.0
2022-07-12,-0.2002,3,0.333,0.667
2022-07-13,0.3066,7,0.429,0.143
2022-07-14,-0.2846,6,0.0,0.333
2022-07-15,-0.6598,5,0.0,0.8
2022-07-18,-0.1079,11,0.182,0.182
2022-07-19,-0.2487,6,0.167,0.5
2022-07-20,0.1341,3,0.0,0.0
2022-07-21,0.0788,9,0.333,0.222
2022-07-22,0.1252,7,0.143,0.0
2022-07-25,0.2841,7,0.429,0.143
2022-07-26,0.0342,2,0.0,0.0
2022-07-27,0.1565,5,0.2,0.0
2022-07-28,0.3172,4,0.5,0.0
2022-07-29,-0.0718,6,0.333,0.333
2022-08-01,-0.1215,11,0.182,0.273
2022-08-02,-0.1607,6,0.167,0.167
2022-08-03,-0.2828,6,0.167,0.5
2022-08-04,-0.2403,9,0.0,0.333
2022-08-05,0.0206,2,0.0,0.0
2022-08-08,-0.1316,9,0.111,0.333
2022-08-09,0.0246,2,0.0,0.0
2022-08-10,-0.0778,10,0.1,0.2
2022-08-11,-0.3689,6,0.0,0.333
2022-08-12,0.2404,10,0.4,0.1
2022-08-15,0.2583,9,0.333,0.0
2022-08-16,-0.0997,4,0.5,0.25
2022-08-17,-0.2337,9,0.111,0.333
2022-08-18,-0.2683,10,0.0,0.3
2022-08-19,-0.4378,6,0.0,0.5
2022-08-22,-0.226,8,0.0,0.25
2022-08-23,-0.4805,3,0.333,0.667
2022-08-24,0.1103,5,0.4,0.2
2022-08-25,0.1941,3,0.333,0.0
2022-08-26,-0.4558,8,0.0,0.625
2022-08-29,-0.2776,8,0.0,0.25
2022-08-30,0.0025,8,0.25,0.125
2022-08-31,-0.2686,14,0.071,0.429
2022-09-01,-0.2725,16,0.125,0.312
2022-09-02,-0.0864,8,0.25,0.375
2022-09-06,-0.198,8,0.125,0.375
2022-09-07,0.0211,6,0.333,0.333
2022-09-08,-0.0337,6,0.167,0.167
2022-09-09,0.3941,8,0.625,0.125
2022-09-12,-0.1458,11,0.0,0.273
2022-09-13,-0.6468,14,0.0,0.714
2022-09-14,-0.3373,11,0.182,0.455
2022-09-15,-0.3314,10,0.0,0.4
2022-09-16,-0.3232,11,0.182,0.455
2022-09-19,0.1018,10,0.3,0.2
2022-09-20,-0.2206,7,0.143,0.429
2022-09-21,-0.0293,10,0.3,0.2
2022-09-22,-0.0542,7,0.286,0.286
2022-09-23,-0.4987,14,0.071,0.643
2022-09-26,-0.0399,11,0.273,0.273
2022-09-27,-0.5471,14,0.0,0.571
2022-09-28,-0.1843,7,0.0,0.286
2022-09-29,-0.4687,15,0.0,0.533
2022-09-30,-0.3055,14,0.071,0.357
2022-10-03,0.013,14,0.214,0.214
2022-10-04,-0.1602,15,0.2,0.333
2022-10-05,0.1299,9,0.333,0.111
2022-10-06,0.2461,5,0.2,0.0
2022-10-07,-0.1454,8,0.0,0.125
2022-10-10,-0.0875,5,0.4,0.2
2022-10-11,-0.4167,6,0.0,0.5
2022-10-12,-0.1673,13,0.077,0.231
2022-10-13,0.0256,12,0.333,0.25
2022-10-14,0.0251,13,0.077,0.154
2022-10-17,-0.061,15,0.2,0.267
2022-10-18,0.0855,10,0.2,0.0
2022-10-19,-0.09,12,0.083,0.25
2022-10-20,0.1435,5,0.4,0.0
2022-10-21,-0.0548,12,0.167,0.25
2022-10-24,-0.3203,7,0.143,0.571
2022-10-25,0.3949,9,0.444,0.111
2022-10-26,-0.4326,6,0.0,0.5
2022-10-27,-0.2066,7,0.143,0.429
2022-10-28,0.0892,10,0.5,0.3
2022-10-31,0.0238,9,0.0,0.222
2022-11-01,0.2445,7,0.286,0.0
2022-11-02,0.0211,7,0.286,0.286
2022-11-03,-0.4303,9,0.111,0.667
2022-11-04,0.0821,6,0.167,0.0
2022-11-07,-0.311,14,0.143,0.5
2022-11-08,-0.0181,8,0.125,0.25
2022-11-09,-0.1085,14,0.071,0.214
2022-11-10,0.0517,16,0.188,0.188
2022-11-11,0.1089,6,0.5,0.333
2022-11-14,-0.1124,8,0.0,0.25
2022-11-15,0.1914,10,0.2,0.0
2022-11-16,0.043,7,0.143,0.143
2022-11-17,-0.0642,6,0.0,0.167
2022-11-18,0.1315,4,0.25,0.25
2022-11-21,-0.212,12,0.083,0.333
2022-11-22,0.1651,11,0.273,0.091
2022-11-23,-0.0581,10,0.1,0.1
2022-11-25,-0.0166,5,0.2,0.0
2022-11-28,0.0551,11,0.364,0.182
2022-11-29,-0.2654,14,0.143,0.357
2022-11-30,-0.2542,14,0.071,0.286
2022-12-01,-0.1202,15,0.333,0.333
2022-12-02,-0.6964,6,0.0,0.833
2022-12-05,-0.1342,9,0.222,0.444
2022-12-06,-0.4791,9,0.111,0.556
2022-12-07,-0.4242,7,0.143,0.571
2022-12-08,-0.2383,7,0.143,0.429
2022-12-09,0.0646,10,0.4,0.4
2022-12-12,0.1845,13,0.308,0.231
2022-12-13,-0.0898,19,0.105,0.263
2022-12-14,-0.0086,9,0.222,0.222
2022-12-15,-0.2938,11,0.0,0.364
2022-12-16,-0.5955,9,0.0,0.667
2022-12-19,-0.3798,14,0.143,0.5
2022-12-20,0.1279,11,0.182,0.091
2022-12-21,-0.071,11,0.182,0.364
2022-12-22,-0.2155,10,0.0,0.2
2022-12-23,-0.5586,9,0.0,0.667
2022-12-27,-0.3549,15,0.2,0.467
2022-12-28,-0.1377,17,0.118,0.235
2022-12-29,0.1517,12,0.25,0.083
2022-12-30,-0.5317,19,0.105,0.684
2023-01-03,-0.0907,19,0.263,0.263
2023-01-04,-0.1911,16,0.25,0.438
2023-01-05,0.098,11,0.182,0.091
2023-01-06,0.1252,18,0.333,0.278
2023-01-09,-0.5122,20,0.0,0.6
2023-01-10,0.1084,17,0.294,0.176
2023-01-11,-0.0387,11,0.182,0.273
2023-01-12,-0.1075,8,0.125,0.125
2023-01-13,0.0551,14,0.214,0.143
2023-01-17,-0.1248,15,0.333,0.267
2023-01-18,-0.699,6,0.0,0.667
2023-01-19,-0.3492,11,0.091,0.545
2023-01-20,-0.0134,13,0.231,0.154
2023-01-23,-0.0493,21,0.286,0.238
2023-01-24,-0.2486,25,0.24,0.36
2023-01-25,-0.2789,15,0.067,0.4
2023-01-26,0.3153,16,0.438,0.062
2023-01-27,0.1601,16,0.438,0.188
2023-01-30,-0.1822,13,0.154,0.385
2023-01-31,0.0129,16,0.125,0.188
2023-02-01,0.1683,21,0.429,0.19
2023-02-02,0.2807,17,0.294,0.176
2023-02-03,-0.1431,10,0.3,0.3
2023-02-06,-0.1728,19,0.211,0.368
2023-02-07,-0.0933,15,0.267,0.267
2023-02-08,-0.1829,14,0.071,0.286
2023-02-09,-0.1713,13,0.077,0.308
2023-02-10,-0.5956,6,0.0,0.667
2023-02-13,0.0131,19,0.263,0.158
2023-02-14,-0.167,11,0.0,0.364
2023-02-15,0.2194,15,0.4,0.067
2023-02-16,0.0434,22,0.182,0.227
2023-02-17,-0.38,17,0.059,0.471
2023-02-21,-0.575,25,0.04,0.64
2023-02-22,-0.0586,20,0.2,0.25
2023-02-23,-0.0172,13,0.154,0.154
2023-02-24,-0.3424,20,0.05,0.45
2023-02-27,0.1299,12,0.333,0.167
2023-02-28,-0.1845,14,0.214,0.357
2023-03-01,-0.3632,21,0.095,0.476
2023-03-02,0.1259,17,0.353,0.176
2023-03-03,-0.158,18,0.222,0.389
2023-03-06,0.0128,28,0.286,0.179
2023-03-07,-0.2529,24,0.167,0.5
2023-03-08,-0.1407,14,0.143,0.357
2023-03-09,-0.146,25,0.16,0.32
2023-03-10,-0.5858,17,0.118,0.765
2023-03-13,-0.3491,21,0.095,0.476
2023-03-14,-0.1624,17,0.118,0.294
2023-03-15,-0.3924,24,0.083,0.5
2023-03-16,-0.0988,14,0.071,0.214
2023-03-17,-0.1801,23,0.13,0.304
2023-03-20,-0.0755,19,0.316,0.263
2023-03-21,0.217,15,0.467,0.267
2023-03-22,-0.2493,23,0.174,0.478
2023-03-23,-0.0891,16,0.25,0.312
2023-03-24,0.3056,13,0.462,0.0
2023-03-27,0.2165,12,0.25,0.0
2023-03-28,-0.2879,10,0.1,0.4
2023-03-29,0.0913,17,0.353,0.235
2023-03-30,0.1357,17,0.353,0.294
2023-03-31,-0.2179,26,0.154,0.385
2023-04-03,-0.1372,28,0.179,0.393
2023-04-04,-0.2513,23,0.174,0.478
2023-04-05,-0.2831,25,0.08,0.4
2023-04-06,-0.174,19,0.211,0.421
2023-04-10,-0.3544,20,0.1,0.45
2023-04-11,-0.1176,15,0.2,0.4
2023-04-12,-0.062,11,0.182,0.273
2023-04-13,-0.1793,17,0.176,0.235
2023-04-14,-0.2443,20,0.1,0.35
2023-04-17,0.0402,22,0.318,0.227
2023-04-18,-0.0346,23,0.174,0.174
2023-04-19,-0.0925,26,0.231,0.231
2023-04-20,-0.3291,10,0.1,0.5
2023-05-01,0.0687,21,0.381,0.238
2023-05-02,-0.2338,16,0.188,0.438
2023-05-03,-0.3642,16,0.188,0.5
2023-05-04,-0.3077,13,0.077,0.385
2023-05-05,-0.1682,17,0.118,0.353
2023-05-08,0.0235,19,0.316,0.211
2023-05-09,-0.2543,18,0.056,0.333
2023-05-10,0.0197,16,0.125,0.188
2023-05-11,-0.2414,20,0.2,0.4
2023-05-12,-0.2391,24,0.083,0.375
2023-05-15,-0.0168,21,0.238,0.238
2023-05-16,0.0647,14,0.357,0.214
2023-05-17,0.1188,19,0.368,0.158
2023-05-18,0.1499,22,0.318,0.091
2023-05-19,-0.0458,22,0.318,0.273
2023-05-22,-0.0773,31,0.194,0.29
2023-05-23,-0.412,16,0.062,0.5
2023-05-24,-0.1813,9,0.111,0.222
2023-05-25,-0.0463,16,0.25,0.312
2023-05-26,-0.0858,17,0.353,0.412
2023-05-30,0.1515,26,0.385,0.192
2023-05-31,-0.3452,26,0.154,0.5
2023-06-01,-0.1973,18,0.278,0.444
2023-06-02,0.0583,27,0.259,0.185
2023-06-05,-0.3054,19,0.158,0.474
2023-06-06,-0.0131,11,0.364,0.273
2023-06-07,-0.4396,13,0.077,0.538
2023-06-08,0.0615,16,0.5,0.25
2023-06-09,0.0752,16,0.438,0.312
2023-06-12,0.0587,22,0.318,0.182
2023-06-13,0.1417,24,0.375,0.167
2023-06-14,-0.3468,25,0.04,0.48
2023-06-15,0.1521,23,0.261,0.174
2023-06-16,-0.0248,34,0.265,0.118
2023-06-20,-0.31,17,0.176,0.471
2023-06-21,-0.0957,25,0.24,0.28
2023-06-22,-0.0465,13,0.385,0.308
2023-06-23,-0.2582,22,0.136,0.5
2023-06-26,-0.3157,21,0.0,0.429
2023-06-27,0.1523,17,0.294,0.176
2023-06-28,-0.1214,22,0.273,0.364
2023-06-29,0.1258,14,0.357,0.357
2023-06-30,0.3939,20,0.5,0.0
2023-07-03,0.1369,11,0.273,0.182
2023-07-05,-0.1281,26,0.154,0.346
2023-07-06,-0.1523,24,0.208,0.333
2023-07-07,-0.2225,23,0.348,0.435
2023-07-10,0.047,17,0.294,0.235
2023-07-11,-0.0012,13,0.308,0.154
2023-07-12,0.2174,16,0.562,0.25
2023-07-13,0.4821,16,0.625,0.0
2023-07-14,-0.216,11,0.273,0.545
2023-07-17,0.2149,35,0.371,0.086
2023-07-18,0.2052,22,0.364,0.136
2023-07-19,-0.1444,18,0.111,0.333
2023-07-20,-0.179,27,0.185,0.37
2023-07-21,-0.2772,20,0.25,0.45
2023-07-24,-0.0545,27,0.222,0.222
2023-07-25,-0.0741,17,0.294,0.353
2023-07-26,-0.067,21,0.143,0.286
2023-07-27,-0.134,18,0.222,0.333
2023-07-28,0.0026,22,0.409,0.227
2023-07-31,0.2791,19,0.632,0.158
2023-08-01,-0.0897,26,0.269,0.385
2023-08-02,-0.513,22,0.091,0.591
2023-08-03,-0.5488,16,0.188,0.688
2023-08-04,-0.4982,19,0.105,0.579
2023-08-07,-0.0725,24,0.333,0.375
2023-08-08,-0.2741,25,0.24,0.48
2023-08-09,-0.3643,29,0.207,0.483
2023-08-10,-0.1198,16,0.375,0.375
2023-08-11,-0.3798,12,0.083,0.5
2023-08-14,0.2677,18,0.556,0.056
2023-08-15,-0.3418,18,0.167,0.5
2023-08-16,-0.2104,14,0.071,0.429
2023-08-17,-0.2665,14,0.143,0.429
2023-08-18,-0.3669,15,0.2,0.467
2023-08-21,-0.1039,27,0.296,0.333
2023-08-22,-0.2971,27,0.111,0.444
2023-08-23,0.0657,17,0.353,0.235
2023-08-24,-0.2958,26,0.154,0.5
2023-08-25,0.0639,22,0.273,0.364
2023-08-28,0.1468,20,0.35,0.1
2023-08-29,0.0182,10,0.3,0.2
2023-08-30,-0.0181,23,0.391,0.348
2023-08-31,0.1205,17,0.353,0.294
2023-09-01,-0.2006,25,0.12,0.36
2023-09-05,-0.2437,27,0.111,0.407
2023-09-06,-0.1866,23,0.217,0.304
2023-09-07,-0.4118,19,0.053,0.526
2023-09-08,-0.4589,21,0.19,0.619
2023-09-11,-0.0539,16,0.188,0.25
2023-09-12,-0.2533,33,0.242,0.424
2023-09-13,-0.024,21,0.429,0.381
2023-09-14,0.0201,18,0.222,0.222
2023-09-15,-0.1233,24,0.333,0.333
2023-09-18,-0.2666,13,0.154,0.462
2023-09-19,-0.3734,14,0.0,0.429
2023-09-20,0.0581,20,0.4,0.25
2023-09-21,-0.6532,13,0.0,0.692
2023-09-22,-0.3135,17,0.235,0.529
2023-09-25,-0.0027,15,0.2,0.2
2023-09-26,-0.6483,5,0.0,0.8
2023-09-27,-0.2138,13,0.308,0.462
2023-09-28,-0.2472,13,0.0,0.385
2023-09-29,-0.2271,31,0.29,0.484
2023-10-02,0.0744,24,0.292,0.375
2023-10-03,-0.3967,29,0.138,0.586
2023-10-04,-0.0603,16,0.438,0.375
2023-10-05,-0.4534,12,0.083,0.5
2023-10-06,-0.0979,21,0.286,0.429
2023-10-09,-0.2362,21,0.286,0.381
2023-10-10,-0.1207,20,0.15,0.35
2023-10-11,-0.0835,24,0.292,0.292
2023-10-12,-0.2262,15,0.133,0.533
2023-10-13,-0.0297,22,0.273,0.364
2023-10-16,0.0667,33,0.394,0.273
2023-10-17,-0.3144,20,0.15,0.5
2023-10-18,-0.233,23,0.13,0.478
2023-10-19,-0.1859,23,0.261,0.391
2023-10-20,-0.7532,28,0.036,0.857
2023-10-23,-0.4449,17,0.059,0.588
2023-10-24,-0.3218,16,0.188,0.375
2023-10-25,-0.3612,14,0.143,0.5
2023-10-26,-0.6097,18,0.056,0.722
2023-10-27,-0.5572,21,0.095,0.667
2023-10-30,-0.0791,34,0.294,0.382
2023-10-31,-0.259,20,0.15,0.4
2023-11-01,-0.209,21,0.238,0.429
2023-11-02,-0.0724,17,0.235,0.294
2023-11-03,0.058,13,0.385,0.308
2023-11-06,-0.0826,25,0.32,0.32
2023-11-07,0.0716,24,0.375,0.25
2023-11-08,0.0564,23,0.348,0.348
2023-11-09,-0.2099,19,0.211,0.474
2023-11-10,0.1776,15,0.533,0.333
2023-11-13,-0.1408,23,0.174,0.348
2023-11-14,0.0508,21,0.429,0.333
2023-11-15,0.2344,18,0.5,0.222
2023-11-16,-0.0486,19,0.316,0.421
2023-11-17,-0.0614,21,0.333,0.333
2023-11-20,0.1198,26,0.462,0.231
2023-11-21,-0.0995,27,0.259,0.333
2023-11-22,0.2193,37,0.514,0.162
2023-11-24,-0.2973,16,0.188,0.438
2023-11-27,0.0187,22,0.227,0.273
2023-11-28,-0.3371,14,0.143,0.429
2023-11-29,-0.2461,15,0.267,0.467
2023-11-30,0.112,15,0.4,0.267
2023-12-01,0.0433,20,0.4,0.25
2023-12-04,-0.1014,29,0.31,0.345
2023-12-05,-0.3531,27,0.0,0.37
2023-12-06,-0.1011,18,0.389,0.389
2023-12-07,-0.0182,24,0.208,0.25
2023-12-08,0.1872,20,0.45,0.25
2023-12-11,0.2176,39,0.333,0.128
2023-12-12,0.2628,17,0.529,0.118
2023-12-13,0.2667,21,0.429,0.143
2023-12-14,0.1096,18,0.389,0.333
2023-12-15,0.0683,20,0.35,0.25
2023-12-18,0.2116,21,0.476,0.143
2023-12-19,0.1739,15,0.6,0.333
2023-12-20,-0.6118,16,0.0,0.688
2023-12-21,-0.1188,24,0.208,0.292
2023-12-22,-0.1446,16,0.125,0.312
2023-12-26,0.2276,21,0.429,0.095
2023-12-27,0.2735,20,0.5,0.1
2023-12-28,0.3329,22,0.5,0.136
2023-12-29,-0.1523,25,0.32,0.44
2024-01-02,-0.0792,23,0.261,0.261
2024-01-03,-0.3248,17,0.118,0.471
2024-01-04,-0.0081,18,0.444,0.167
2024-01-05,-0.3341,18,0.167,0.444
2024-01-08,0.2864,27,0.519,0.111
2024-01-09,-0.1284,18,0.333,0.444
2024-01-10,-0.0193,23,0.261,0.304
2024-01-11,-0.1941,20,0.15,0.4
2024-01-12,-0.3447,15,0.2,0.533
2024-01-16,-0.0186,12,0.25,0.25
2024-01-17,-0.1715,5,0.4,0.4
2024-01-18,-0.1479,8,0.25,0.375
2024-01-19,0.2806,48,0.583,0.188
2024-01-22,0.3319,31,0.548,0.161
2024-01-23,-0.0314,10,0.4,0.4
2024-01-24,0.1535,15,0.467,0.4
2024-01-25,0.0622,13,0.385,0.308
2024-01-26,-0.2905,16,0.188,0.438
2024-01-29,-0.2918,8,0.0,0.375
2024-01-30,-0.1869,11,0.273,0.455
2024-01-31,-0.2727,18,0.111,0.389
2024-02-01,0.1993,11,0.455,0.273
2024-02-02,0.2201,13,0.538,0.308
2024-02-05,0.0313,5,0.6,0.4
2024-02-06,-0.0013,8,0.125,0.5
2024-02-07,-0.0171,8,0.375,0.5
2024-02-08,-0.0576,26,0.269,0.192
2024-02-09,0.2848,34,0.529,0.176
2024-02-12,0.0379,24,0.333,0.333
2024-02-13,-0.3053,15,0.133,0.467
2024-02-14,0.1046,16,0.438,0.188
2024-02-15,-0.0905,28,0.357,0.357
2024-02-16,-0.1676,29,0.31,0.31
2024-02-20,0.0589,25,0.44,0.32
2024-02-21,0.06,11,0.273,0.182
2024-02-22,0.4619,26,0.538,0.077
2024-02-23,0.4804,22,0.773,0.136
2024-02-26,0.0271,17,0.353,0.235
2024-02-27,-0.0793,20,0.25,0.35
2024-02-28,-0.1115,19,0.211,0.263
2024-02-29,0.0806,20,0.4,0.25
2024-03-01,0.3643,27,0.593,0.185
2024-03-04,-0.1901,30,0.267,0.433
